Id,Label
0,71
1,66
2,15
3,11
4,71
5,6
6,63
7,7
8,23
9,57
10,1
11,5
12,90
13,69
14,40
15,88
16,10
17,97
18,70
19,62
20,70
21,69
22,86
23,49
24,21
25,14
26,23
27,44
28,46
29,11
30,24
31,61
32,41
33,73
34,18
35,80
36,58
37,83
38,41
39,90
40,80
41,95
42,49
43,73
44,52
45,22
46,48
47,94
48,90
49,17
50,4
51,76
52,83
53,98
54,81
55,2
56,71
57,52
58,66
59,30
60,75
61,27
62,3
63,27
64,62
65,39
66,34
67,83
68,27
69,43
70,39
71,68
72,2
73,77
74,93
75,32
76,82
77,5
78,43
79,61
80,49
81,78
82,54
83,3
84,54
85,15
86,20
87,31
88,20
89,30
90,10
91,80
92,63
93,35
94,81
95,31
96,56
97,78
98,68
99,43
100,88
101,53
102,47
103,86
104,3
105,69
106,76
107,17
108,0
109,59
110,5
111,20
112,27
113,62
114,94
115,71
116,8
117,43
118,98
119,56
120,85
121,45
122,38
123,70
124,33
125,25
126,3
127,78
128,1
129,46
130,29
131,16
132,58
133,13
134,3
135,91
136,60
137,42
138,52
139,23
140,4
141,11
142,52
143,89
144,3
145,30
146,86
147,39
148,91
149,58
150,14
151,63
152,23
153,71
154,24
155,97
156,85
157,99
158,79
159,33
160,36
161,8
162,97
163,40
164,97
165,47
166,54
167,18
168,51
169,32
170,72
171,45
172,27
173,9
174,95
175,44
176,56
177,95
178,14
179,40
180,8
181,75
182,25
183,38
184,50
185,38
186,35
187,56
188,94
189,0
190,12
191,74
192,45
193,13
194,94
195,24
196,43
197,42
198,7
199,48
200,77
201,48
202,33
203,60
204,45
205,23
206,24
207,90
208,59
209,52
210,69
211,94
212,12
213,42
214,31
215,33
216,57
217,95
218,9
219,8
220,48
221,12
222,42
223,51
224,12
225,95
226,0
227,37
228,80
229,71
230,49
231,57
232,59
233,24
234,97
235,62
236,63
237,57
238,82
239,19
240,23
241,24
242,29
243,8
244,48
245,92
246,42
247,13
248,4
249,16
250,91
251,16
252,76
253,36
254,79
255,27
256,8
257,89
258,2
259,88
260,38
261,76
262,13
263,38
264,74
265,91
266,53
267,57
268,43
269,89
270,23
271,18
272,52
273,18
274,33
275,91
276,67
277,88
278,69
279,62
280,44
281,84
282,28
283,85
284,23
285,93
286,6
287,3
288,42
289,51
290,74
291,43
292,13
293,31
294,19
295,8
296,13
297,48
298,42
299,75
300,52
301,76
302,51
303,6
304,95
305,34
306,76
307,31
308,80
309,28
310,64
311,18
312,41
313,43
314,65
315,32
316,81
317,42
318,77
319,8
320,89
321,17
322,84
323,67
324,12
325,5
326,51
327,91
328,94
329,59
330,85
331,26
332,23
333,7
334,58
335,60
336,67
337,91
338,97
339,95
340,86
341,54
342,68
343,62
344,99
345,66
346,21
347,95
348,9
349,4
350,68
351,34
352,49
353,89
354,5
355,40
356,63
357,14
358,11
359,42
360,27
361,61
362,85
363,94
364,63
365,10
366,94
367,61
368,59
369,63
370,85
371,33
372,28
373,38
374,8
375,86
376,7
377,0
378,94
379,38
380,43
381,11
382,41
383,15
384,69
385,78
386,65
387,73
388,85
389,61
390,32
391,94
392,37
393,30
394,80
395,94
396,10
397,60
398,52
399,30
400,28
401,85
402,44
403,68
404,24
405,53
406,72
407,87
408,91
409,38
410,2
411,57
412,71
413,40
414,63
415,97
416,88
417,59
418,83
419,42
420,21
421,8
422,18
423,96
424,71
425,42
426,77
427,44
428,75
429,32
430,44
431,6
432,95
433,38
434,1
435,51
436,13
437,30
438,36
439,20
440,22
441,84
442,15
443,85
444,6
445,85
446,38
447,7
448,29
449,13
450,41
451,9
452,25
453,41
454,43
455,86
456,38
457,51
458,75
459,94
460,81
461,87
462,23
463,22
464,14
465,78
466,79
467,49
468,6
469,0
470,79
471,97
472,34
473,20
474,24
475,2
476,33
477,34
478,4
479,25
480,85
481,75
482,10
483,38
484,0
485,99
486,38
487,87
488,91
489,72
490,63
491,43
492,60
493,16
494,91
495,93
496,0
497,31
498,89
499,71
500,88
501,50
502,90
503,16
504,75
505,41
506,38
507,89
508,47
509,93
510,68
511,11
512,36
513,54
514,30
515,53
516,73
517,35
518,62
519,54
520,66
521,84
522,78
523,91
524,62
525,4
526,95
527,88
528,42
529,18
530,52
531,63
532,39
533,33
534,94
535,80
536,59
537,15
538,91
539,57
540,80
541,18
542,2
543,66
544,69
545,67
546,18
547,65
548,71
549,16
550,96
551,35
552,73
553,84
554,97
555,42
556,62
557,6
558,15
559,71
560,64
561,4
562,94
563,62
564,3
565,89
566,6
567,45
568,45
569,85
570,1
571,68
572,5
573,94
574,99
575,12
576,97
577,77
578,85
579,67
580,77
581,75
582,82
583,22
584,57
585,41
586,54
587,38
588,75
589,94
590,33
591,71
592,91
593,6
594,89
595,24
596,79
597,67
598,70
599,2
600,32
601,30
602,82
603,87
604,1
605,2
606,97
607,94
608,97
609,64
610,54
611,82
612,81
613,2
614,0
615,96
616,28
617,6
618,61
619,86
620,17
621,39
622,76
623,70
624,17
625,80
626,48
627,84
628,93
629,82
630,26
631,92
632,97
633,10
634,83
635,60
636,22
637,10
638,83
639,84
640,31
641,76
642,86
643,21
644,72
645,60
646,17
647,94
648,14
649,87
650,88
651,74
652,89
653,38
654,25
655,0
656,42
657,5
658,18
659,84
660,7
661,58
662,4
663,43
664,65
665,82
666,12
667,63
668,88
669,51
670,30
671,93
672,83
673,4
674,40
675,28
676,78
677,91
678,34
679,60
680,91
681,14
682,87
683,45
684,97
685,64
686,18
687,21
688,30
689,27
690,30
691,50
692,86
693,82
694,75
695,87
696,4
697,25
698,73
699,21
700,80
701,33
702,42
703,1
704,51
705,34
706,8
707,81
708,31
709,60
710,79
711,56
712,5
713,93
714,82
715,57
716,75
717,15
718,33
719,57
720,97
721,76
722,60
723,75
724,2
725,73
726,66
727,75
728,62
729,19
730,22
731,82
732,4
733,12
734,94
735,42
736,95
737,8
738,53
739,36
740,36
741,57
742,43
743,97
744,61
745,41
746,20
747,83
748,28
749,82
750,7
751,14
752,45
753,70
754,4
755,71
756,33
757,78
758,26
759,57
760,29
761,20
762,96
763,23
764,2
765,38
766,62
767,37
768,54
769,12
770,76
771,99
772,95
773,24
774,7
775,64
776,70
777,31
778,81
779,70
780,71
781,72
782,82
783,42
784,86
785,60
786,22
787,8
788,82
789,14
790,48
791,88
792,85
793,53
794,50
795,1
796,13
797,34
798,62
799,97
800,40
801,28
802,46
803,7
804,3
805,78
806,86
807,53
808,90
809,97
810,36
811,60
812,94
813,52
814,77
815,95
816,14
817,36
818,89
819,7
820,42
821,31
822,85
823,94
824,8
825,97
826,92
827,61
828,5
829,23
830,11
831,82
832,55
833,31
834,0
835,39
836,76
837,49
838,47
839,97
840,97
841,47
842,98
843,55
844,52
845,27
846,37
847,50
848,53
849,21
850,98
851,6
852,74
853,69
854,65
855,70
856,96
857,26
858,41
859,15
860,99
861,60
862,16
863,73
864,85
865,23
866,94
867,68
868,24
869,83
870,8
871,51
872,88
873,53
874,23
875,51
876,55
877,24
878,54
879,43
880,20
881,94
882,69
883,50
884,1
885,26
886,44
887,2
888,61
889,69
890,25
891,18
892,68
893,81
894,52
895,72
896,78
897,51
898,49
899,41
900,77
901,94
902,17
903,86
904,33
905,41
906,76
907,40
908,39
909,77
910,80
911,61
912,76
913,56
914,52
915,74
916,98
917,77
918,74
919,21
920,51
921,96
922,37
923,48
924,52
925,82
926,14
927,52
928,14
929,75
930,20
931,60
932,20
933,60
934,61
935,23
936,18
937,96
938,61
939,79
940,60
941,69
942,62
943,56
944,71
945,77
946,81
947,27
948,40
949,47
950,85
951,39
952,42
953,51
954,10
955,91
956,71
957,10
958,30
959,34
960,15
961,47
962,56
963,34
964,1
965,49
966,23
967,52
968,53
969,34
970,17
971,88
972,16
973,24
974,17
975,69
976,1
977,90
978,70
979,34
980,2
981,43
982,43
983,39
984,85
985,38
986,43
987,11
988,84
989,21
990,49
991,33
992,89
993,37
994,45
995,89
996,34
997,17
998,53
999,91
1000,97
1001,71
1002,94
1003,94
1004,41
1005,85
1006,20
1007,93
1008,30
1009,14
1010,70
1011,36
1012,2
1013,78
1014,62
1015,68
1016,17
1017,77
1018,78
1019,33
1020,31
1021,52
1022,34
1023,90
1024,5
1025,81
1026,12
1027,0
1028,63
1029,41
1030,21
1031,86
1032,92
1033,27
1034,85
1035,38
1036,29
1037,73
1038,55
1039,67
1040,21
1041,96
1042,53
1043,81
1044,88
1045,83
1046,30
1047,50
1048,39
1049,1
1050,16
1051,12
1052,80
1053,73
1054,20
1055,72
1056,13
1057,43
1058,85
1059,24
1060,46
1061,3
1062,6
1063,49
1064,49
1065,36
1066,23
1067,78
1068,72
1069,15
1070,41
1071,74
1072,1
1073,84
1074,17
1075,40
1076,20
1077,31
1078,7
1079,31
1080,7
1081,48
1082,92
1083,15
1084,99
1085,43
1086,23
1087,93
1088,59
1089,52
1090,40
1091,29
1092,13
1093,93
1094,59
1095,70
1096,48
1097,53
1098,31
1099,68
1100,41
1101,77
1102,20
1103,63
1104,76
1105,33
1106,61
1107,23
1108,66
1109,49
1110,1
1111,54
1112,44
1113,30
1114,24
1115,45
1116,5
1117,47
1118,85
1119,86
1120,21
1121,96
1122,1
1123,84
1124,65
1125,87
1126,65
1127,22
1128,85
1129,69
1130,45
1131,30
1132,47
1133,34
1134,6
1135,41
1136,0
1137,62
1138,1
1139,28
1140,6
1141,78
1142,5
1143,76
1144,52
1145,97
1146,79
1147,70
1148,68
1149,74
1150,86
1151,15
1152,35
1153,68
1154,66
1155,58
1156,38
1157,0
1158,52
1159,94
1160,0
1161,18
1162,8
1163,87
1164,67
1165,94
1166,95
1167,24
1168,21
1169,80
1170,19
1171,53
1172,40
1173,2
1174,59
1175,35
1176,21
1177,27
1178,60
1179,21
1180,28
1181,38
1182,19
1183,3
1184,43
1185,30
1186,63
1187,72
1188,37
1189,66
1190,97
1191,99
1192,99
1193,53
1194,71
1195,67
1196,43
1197,86
1198,52
1199,21
1200,43
1201,66
1202,4
1203,35
1204,22
1205,71
1206,84
1207,52
1208,46
1209,30
1210,38
1211,24
1212,13
1213,60
1214,26
1215,36
1216,71
1217,19
1218,89
1219,5
1220,43
1221,99
1222,97
1223,23
1224,43
1225,53
1226,31
1227,25
1228,36
1229,30
1230,72
1231,82
1232,14
1233,31
1234,80
1235,51
1236,54
1237,53
1238,97
1239,48
1240,24
1241,47
1242,59
1243,57
1244,24
1245,6
1246,16
1247,17
1248,43
1249,28
1250,43
1251,96
1252,7
1253,64
1254,5
1255,54
1256,22
1257,99
1258,54
1259,46
1260,58
1261,17
1262,23
1263,86
1264,8
1265,53
1266,63
1267,24
1268,96
1269,99
1270,46
1271,85
1272,58
1273,51
1274,91
1275,5
1276,74
1277,42
1278,92
1279,93
1280,60
1281,31
1282,84
1283,11
1284,56
1285,67
1286,41
1287,32
1288,99
1289,41
1290,7
1291,12
1292,59
1293,17
1294,35
1295,97
1296,89
1297,97
1298,55
1299,2
1300,2
1301,14
1302,14
1303,91
1304,26
1305,3
1306,9
1307,93
1308,70
1309,18
1310,35
1311,76
1312,78
1313,80
1314,5
1315,19
1316,6
1317,54
1318,9
1319,46
1320,14
1321,13
1322,71
1323,39
1324,39
1325,7
1326,91
1327,58
1328,63
1329,8
1330,70
1331,2
1332,77
1333,87
1334,26
1335,47
1336,61
1337,63
1338,64
1339,31
1340,86
1341,20
1342,63
1343,80
1344,53
1345,97
1346,59
1347,66
1348,35
1349,44
1350,6
1351,11
1352,43
1353,30
1354,39
1355,68
1356,84
1357,52
1358,17
1359,65
1360,47
1361,76
1362,94
1363,99
1364,76
1365,91
1366,72
1367,66
1368,18
1369,52
1370,18
1371,98
1372,33
1373,0
1374,35
1375,32
1376,43
1377,59
1378,73
1379,4
1380,53
1381,5
1382,90
1383,64
1384,76
1385,32
1386,85
1387,33
1388,79
1389,84
1390,79
1391,41
1392,43
1393,23
1394,68
1395,17
1396,81
1397,43
1398,49
1399,2
1400,4
1401,3
1402,98
1403,34
1404,48
1405,27
1406,68
1407,43
1408,81
1409,43
1410,78
1411,74
1412,12
1413,74
1414,95
1415,94
1416,33
1417,52
1418,5
1419,83
1420,99
1421,68
1422,47
1423,43
1424,96
1425,43
1426,57
1427,86
1428,22
1429,54
1430,1
1431,27
1432,77
1433,34
1434,24
1435,58
1436,91
1437,69
1438,9
1439,34
1440,37
1441,57
1442,7
1443,97
1444,46
1445,87
1446,80
1447,24
1448,10
1449,91
1450,31
1451,56
1452,3
1453,31
1454,91
1455,78
1456,83
1457,53
1458,37
1459,28
1460,20
1461,35
1462,46
1463,92
1464,31
1465,68
1466,30
1467,79
1468,51
1469,8
1470,8
1471,84
1472,62
1473,35
1474,68
1475,86
1476,3
1477,95
1478,85
1479,86
1480,7
1481,5
1482,2
1483,83
1484,28
1485,53
1486,28
1487,94
1488,87
1489,58
1490,87
1491,58
1492,32
1493,36
1494,54
1495,36
1496,66
1497,96
1498,34
1499,13
1500,97
1501,96
1502,54
1503,90
1504,92
1505,51
1506,26
1507,8
1508,94
1509,6
1510,17
1511,84
1512,56
1513,13
1514,9
1515,15
1516,90
1517,31
1518,88
1519,50
1520,3
1521,37
1522,28
1523,3
1524,4
1525,20
1526,51
1527,32
1528,86
1529,68
1530,21
1531,31
1532,2
1533,35
1534,69
1535,47
1536,37
1537,32
1538,5
1539,73
1540,20
1541,22
1542,6
1543,6
1544,57
1545,48
1546,23
1547,97
1548,85
1549,74
1550,6
1551,49
1552,60
1553,72
1554,13
1555,24
1556,63
1557,16
1558,10
1559,52
1560,1
1561,20
1562,9
1563,17
1564,27
1565,52
1566,47
1567,88
1568,58
1569,54
1570,42
1571,85
1572,38
1573,69
1574,79
1575,59
1576,4
1577,95
1578,53
1579,27
1580,71
1581,87
1582,52
1583,33
1584,11
1585,98
1586,0
1587,91
1588,76
1589,83
1590,82
1591,72
1592,29
1593,33
1594,57
1595,76
1596,47
1597,83
1598,92
1599,39
1600,17
1601,59
1602,85
1603,84
1604,68
1605,96
1606,23
1607,15
1608,94
1609,77
1610,36
1611,37
1612,24
1613,76
1614,17
1615,78
1616,97
1617,37
1618,88
1619,21
1620,66
1621,21
1622,42
1623,8
1624,85
1625,61
1626,38
1627,41
1628,44
1629,40
1630,54
1631,54
1632,21
1633,30
1634,48
1635,5
1636,52
1637,70
1638,71
1639,17
1640,96
1641,94
1642,39
1643,63
1644,96
1645,2
1646,26
1647,33
1648,98
1649,23
1650,1
1651,54
1652,20
1653,47
1654,24
1655,21
1656,48
1657,71
1658,36
1659,56
1660,68
1661,43
1662,17
1663,1
1664,48
1665,46
1666,76
1667,67
1668,5
1669,16
1670,25
1671,48
1672,3
1673,9
1674,20
1675,8
1676,2
1677,53
1678,3
1679,7
1680,10
1681,96
1682,61
1683,96
1684,90
1685,13
1686,72
1687,31
1688,78
1689,42
1690,5
1691,53
1692,65
1693,86
1694,12
1695,33
1696,97
1697,26
1698,89
1699,24
1700,28
1701,99
1702,53
1703,24
1704,74
1705,93
1706,53
1707,7
1708,31
1709,12
1710,43
1711,16
1712,53
1713,82
1714,22
1715,21
1716,93
1717,38
1718,96
1719,0
1720,16
1721,43
1722,95
1723,79
1724,52
1725,47
1726,34
1727,23
1728,18
1729,61
1730,65
1731,21
1732,85
1733,5
1734,16
1735,21
1736,8
1737,69
1738,0
1739,79
1740,25
1741,59
1742,97
1743,53
1744,73
1745,49
1746,3
1747,91
1748,71
1749,33
1750,95
1751,39
1752,97
1753,37
1754,51
1755,27
1756,68
1757,77
1758,48
1759,34
1760,51
1761,21
1762,43
1763,52
1764,20
1765,53
1766,40
1767,14
1768,67
1769,30
1770,12
1771,51
1772,44
1773,29
1774,89
1775,86
1776,17
1777,75
1778,46
1779,14
1780,1
1781,82
1782,33
1783,34
1784,86
1785,58
1786,86
1787,20
1788,51
1789,20
1790,27
1791,2
1792,94
1793,40
1794,82
1795,35
1796,64
1797,90
1798,53
1799,51
1800,46
1801,29
1802,68
1803,52
1804,6
1805,79
1806,44
1807,40
1808,86
1809,10
1810,1
1811,88
1812,26
1813,5
1814,68
1815,79
1816,99
1817,84
1818,82
1819,76
1820,78
1821,61
1822,27
1823,77
1824,54
1825,71
1826,91
1827,94
1828,95
1829,7
1830,59
1831,95
1832,17
1833,35
1834,21
1835,17
1836,33
1837,2
1838,14
1839,61
1840,49
1841,8
1842,79
1843,97
1844,73
1845,89
1846,94
1847,64
1848,87
1849,74
1850,25
1851,20
1852,95
1853,21
1854,62
1855,52
1856,56
1857,28
1858,17
1859,53
1860,71
1861,50
1862,29
1863,53
1864,89
1865,80
1866,36
1867,18
1868,16
1869,79
1870,53
1871,99
1872,27
1873,17
1874,48
1875,35
1876,17
1877,6
1878,53
1879,68
1880,61
1881,89
1882,27
1883,18
1884,14
1885,95
1886,13
1887,42
1888,28
1889,92
1890,23
1891,52
1892,24
1893,79
1894,68
1895,61
1896,15
1897,21
1898,76
1899,83
1900,48
1901,42
1902,29
1903,22
1904,17
1905,93
1906,96
1907,91
1908,78
1909,35
1910,40
1911,60
1912,42
1913,58
1914,14
1915,2
1916,95
1917,15
1918,36
1919,75
1920,74
1921,99
1922,96
1923,79
1924,84
1925,0
1926,88
1927,0
1928,86
1929,95
1930,87
1931,23
1932,9
1933,28
1934,91
1935,76
1936,46
1937,54
1938,29
1939,77
1940,81
1941,57
1942,65
1943,36
1944,58
1945,20
1946,91
1947,24
1948,36
1949,78
1950,76
1951,37
1952,29
1953,44
1954,74
1955,39
1956,9
1957,3
1958,65
1959,62
1960,49
1961,31
1962,49
1963,99
1964,42
1965,87
1966,53
1967,62
1968,41
1969,36
1970,20
1971,88
1972,30
1973,51
1974,95
1975,41
1976,67
1977,97
1978,46
1979,51
1980,17
1981,52
1982,22
1983,54
1984,5
1985,41
1986,95
1987,40
1988,23
1989,84
1990,77
1991,43
1992,28
1993,74
1994,51
1995,78
1996,19
1997,78
1998,81
1999,4
2000,92
2001,41
2002,66
2003,91
2004,17
2005,19
2006,99
2007,11
2008,73
2009,44
2010,36
2011,9
2012,83
2013,96
2014,80
2015,1
2016,85
2017,53
2018,0
2019,48
2020,2
2021,21
2022,20
2023,39
2024,71
2025,81
2026,98
2027,3
2028,79
2029,34
2030,95
2031,85
2032,31
2033,26
2034,54
2035,31
2036,28
2037,43
2038,10
2039,34
2040,23
2041,55
2042,18
2043,0
2044,5
2045,33
2046,63
2047,78
2048,43
2049,40
2050,72
2051,63
2052,87
2053,23
2054,95
2055,16
2056,65
2057,45
2058,53
2059,78
2060,71
2061,94
2062,91
2063,17
2064,97
2065,49
2066,48
2067,80
2068,5
2069,0
2070,16
2071,83
2072,94
2073,54
2074,94
2075,39
2076,22
2077,47
2078,19
2079,4
2080,7
2081,20
2082,48
2083,36
2084,85
2085,95
2086,20
2087,52
2088,22
2089,54
2090,34
2091,23
2092,63
2093,78
2094,5
2095,16
2096,87
2097,51
2098,81
2099,8
2100,75
2101,89
2102,64
2103,1
2104,7
2105,17
2106,31
2107,51
2108,20
2109,32
2110,44
2111,17
2112,72
2113,91
2114,52
2115,54
2116,63
2117,91
2118,28
2119,79
2120,41
2121,31
2122,60
2123,89
2124,11
2125,65
2126,2
2127,86
2128,27
2129,20
2130,21
2131,43
2132,36
2133,41
2134,26
2135,71
2136,63
2137,62
2138,95
2139,60
2140,7
2141,24
2142,41
2143,7
2144,59
2145,15
2146,34
2147,88
2148,78
2149,73
2150,52
2151,44
2152,96
2153,68
2154,87
2155,18
2156,45
2157,17
2158,38
2159,52
2160,43
2161,20
2162,5
2163,24
2164,49
2165,49
2166,23
2167,74
2168,71
2169,94
2170,68
2171,89
2172,34
2173,30
2174,20
2175,57
2176,10
2177,33
2178,5
2179,14
2180,28
2181,61
2182,89
2183,52
2184,38
2185,15
2186,97
2187,50
2188,31
2189,78
2190,42
2191,76
2192,43
2193,22
2194,74
2195,5
2196,8
2197,91
2198,8
2199,60
2200,80
2201,7
2202,20
2203,76
2204,2
2205,66
2206,59
2207,23
2208,23
2209,70
2210,1
2211,27
2212,20
2213,94
2214,74
2215,78
2216,24
2217,80
2218,91
2219,97
2220,34
2221,35
2222,26
2223,57
2224,74
2225,67
2226,69
2227,77
2228,91
2229,82
2230,33
2231,9
2232,51
2233,86
2234,82
2235,60
2236,68
2237,99
2238,83
2239,92
2240,83
2241,8
2242,77
2243,82
2244,73
2245,86
2246,28
2247,71
2248,79
2249,43
2250,17
2251,27
2252,17
2253,82
2254,30
2255,57
2256,99
2257,25
2258,68
2259,70
2260,56
2261,74
2262,86
2263,61
2264,3
2265,84
2266,79
2267,89
2268,75
2269,36
2270,47
2271,82
2272,50
2273,69
2274,62
2275,24
2276,63
2277,69
2278,52
2279,30
2280,73
2281,15
2282,7
2283,47
2284,60
2285,37
2286,60
2287,21
2288,47
2289,68
2290,2
2291,15
2292,40
2293,47
2294,5
2295,25
2296,8
2297,21
2298,68
2299,51
2300,84
2301,42
2302,10
2303,29
2304,49
2305,43
2306,59
2307,23
2308,40
2309,7
2310,47
2311,73
2312,80
2313,54
2314,9
2315,19
2316,45
2317,45
2318,51
2319,91
2320,12
2321,5
2322,73
2323,76
2324,95
2325,67
2326,95
2327,47
2328,70
2329,28
2330,40
2331,43
2332,18
2333,28
2334,26
2335,60
2336,36
2337,23
2338,58
2339,91
2340,94
2341,43
2342,91
2343,62
2344,79
2345,11
2346,30
2347,94
2348,39
2349,33
2350,76
2351,36
2352,8
2353,30
2354,69
2355,59
2356,19
2357,80
2358,11
2359,61
2360,19
2361,93
2362,22
2363,90
2364,9
2365,2
2366,66
2367,96
2368,5
2369,17
2370,39
2371,92
2372,37
2373,76
2374,88
2375,0
2376,89
2377,91
2378,5
2379,59
2380,41
2381,1
2382,20
2383,52
2384,79
2385,22
2386,35
2387,61
2388,98
2389,46
2390,32
2391,35
2392,90
2393,72
2394,61
2395,43
2396,58
2397,43
2398,11
2399,60
2400,70
2401,2
2402,96
2403,19
2404,23
2405,74
2406,0
2407,69
2408,96
2409,89
2410,54
2411,34
2412,61
2413,12
2414,0
2415,79
2416,30
2417,72
2418,49
2419,63
2420,34
2421,58
2422,78
2423,30
2424,66
2425,70
2426,20
2427,46
2428,43
2429,99
2430,53
2431,53
2432,36
2433,46
2434,22
2435,84
2436,1
2437,49
2438,38
2439,49
2440,8
2441,31
2442,67
2443,40
2444,23
2445,24
2446,28
2447,84
2448,49
2449,39
2450,69
2451,1
2452,2
2453,94
2454,94
2455,55
2456,32
2457,2
2458,95
2459,54
2460,41
2461,93
2462,4
2463,61
2464,7
2465,32
2466,14
2467,53
2468,72
2469,83
2470,24
2471,63
2472,76
2473,64
2474,76
2475,3
2476,13
2477,80
2478,33
2479,86
2480,94
2481,37
2482,54
2483,84
2484,81
2485,33
2486,79
2487,61
2488,0
2489,31
2490,78
2491,49
2492,85
2493,81
2494,28
2495,17
2496,68
2497,46
2498,79
2499,49
2500,23
2501,76
2502,74
2503,89
2504,60
2505,69
2506,17
2507,97
2508,29
2509,74
2510,9
2511,24
2512,0
2513,84
2514,17
2515,82
2516,62
2517,89
2518,34
2519,19
2520,81
2521,13
2522,67
2523,53
2524,49
2525,2
2526,32
2527,26
2528,87
2529,48
2530,70
2531,52
2532,93
2533,10
2534,97
2535,72
2536,93
2537,79
2538,23
2539,76
2540,31
2541,18
2542,16
2543,64
2544,34
2545,82
2546,36
2547,94
2548,78
2549,68
2550,8
2551,60
2552,2
2553,34
2554,15
2555,72
2556,58
2557,40
2558,77
2559,0
2560,62
2561,54
2562,48
2563,22
2564,50
2565,16
2566,58
2567,42
2568,4
2569,15
2570,90
2571,79
2572,14
2573,3
2574,99
2575,71
2576,0
2577,15
2578,91
2579,51
2580,2
2581,13
2582,91
2583,91
2584,12
2585,91
2586,22
2587,77
2588,68
2589,18
2590,33
2591,58
2592,73
2593,78
2594,52
2595,77
2596,3
2597,76
2598,4
2599,6
2600,15
2601,44
2602,85
2603,0
2604,57
2605,45
2606,21
2607,5
2608,2
2609,81
2610,46
2611,67
2612,59
2613,69
2614,4
2615,34
2616,75
2617,31
2618,97
2619,34
2620,10
2621,71
2622,80
2623,97
2624,89
2625,42
2626,67
2627,39
2628,52
2629,59
2630,45
2631,33
2632,49
2633,36
2634,65
2635,37
2636,85
2637,31
2638,3
2639,85
2640,65
2641,54
2642,38
2643,54
2644,73
2645,54
2646,14
2647,77
2648,0
2649,80
2650,55
2651,61
2652,5
2653,24
2654,21
2655,48
2656,61
2657,48
2658,63
2659,81
2660,81
2661,20
2662,58
2663,0
2664,78
2665,82
2666,51
2667,45
2668,98
2669,86
2670,87
2671,43
2672,52
2673,75
2674,61
2675,89
2676,0
2677,43
2678,5
2679,98
2680,64
2681,97
2682,50
2683,1
2684,20
2685,70
2686,16
2687,27
2688,91
2689,32
2690,85
2691,28
2692,78
2693,53
2694,54
2695,43
2696,71
2697,80
2698,58
2699,85
2700,49
2701,17
2702,3
2703,16
2704,42
2705,21
2706,75
2707,90
2708,20
2709,60
2710,17
2711,20
2712,17
2713,34
2714,78
2715,94
2716,12
2717,5
2718,27
2719,90
2720,6
2721,8
2722,56
2723,91
2724,33
2725,95
2726,57
2727,7
2728,77
2729,86
2730,6
2731,23
2732,76
2733,38
2734,47
2735,60
2736,20
2737,40
2738,86
2739,5
2740,82
2741,43
2742,91
2743,77
2744,81
2745,55
2746,81
2747,45
2748,52
2749,68
2750,44
2751,83
2752,40
2753,56
2754,80
2755,97
2756,32
2757,14
2758,21
2759,47
2760,43
2761,19
2762,94
2763,26
2764,31
2765,69
2766,6
2767,81
2768,38
2769,44
2770,59
2771,84
2772,73
2773,32
2774,97
2775,12
2776,72
2777,35
2778,74
2779,60
2780,40
2781,27
2782,62
2783,92
2784,35
2785,61
2786,84
2787,84
2788,41
2789,12
2790,20
2791,43
2792,27
2793,21
2794,95
2795,68
2796,42
2797,53
2798,54
2799,38
2800,96
2801,76
2802,55
2803,94
2804,70
2805,88
2806,62
2807,82
2808,23
2809,4
2810,71
2811,82
2812,61
2813,68
2814,82
2815,70
2816,5
2817,87
2818,67
2819,91
2820,27
2821,36
2822,9
2823,46
2824,83
2825,50
2826,64
2827,89
2828,65
2829,59
2830,54
2831,82
2832,17
2833,65
2834,15
2835,21
2836,20
2837,80
2838,18
2839,18
2840,76
2841,78
2842,97
2843,13
2844,31
2845,43
2846,2
2847,84
2848,53
2849,38
2850,17
2851,60
2852,38
2853,44
2854,53
2855,85
2856,82
2857,44
2858,25
2859,7
2860,27
2861,94
2862,38
2863,46
2864,21
2865,0
2866,75
2867,84
2868,11
2869,56
2870,94
2871,82
2872,27
2873,31
2874,26
2875,68
2876,10
2877,52
2878,84
2879,72
2880,92
2881,97
2882,58
2883,22
2884,27
2885,85
2886,96
2887,75
2888,46
2889,68
2890,53
2891,91
2892,33
2893,85
2894,0
2895,35
2896,62
2897,98
2898,72
2899,44
2900,21
2901,43
2902,53
2903,53
2904,24
2905,20
2906,14
2907,91
2908,49
2909,79
2910,10
2911,90
2912,27
2913,84
2914,64
2915,61
2916,8
2917,75
2918,92
2919,78
2920,88
2921,99
2922,85
2923,3
2924,61
2925,46
2926,24
2927,19
2928,41
2929,74
2930,28
2931,52
2932,30
2933,97
2934,88
2935,2
2936,11
2937,1
2938,53
2939,27
2940,78
2941,27
2942,19
2943,24
2944,5
2945,0
2946,85
2947,93
2948,15
2949,50
2950,39
2951,41
2952,97
2953,82
2954,69
2955,81
2956,48
2957,56
2958,73
2959,50
2960,70
2961,78
2962,65
2963,54
2964,34
2965,20
2966,24
2967,27
2968,48
2969,67
2970,64
2971,53
2972,82
2973,24
2974,55
2975,14
2976,67
2977,96
2978,61
2979,8
2980,97
2981,61
2982,30
2983,46
2984,36
2985,29
2986,81
2987,87
2988,0
2989,0
2990,88
2991,8
2992,13
2993,44
2994,9
2995,71
2996,97
2997,71
2998,31
2999,67
3000,80
3001,53
3002,40
3003,35
3004,27
3005,0
3006,46
3007,69
3008,14
3009,88
3010,51
3011,46
3012,50
3013,33
3014,89
3015,44
3016,16
3017,90
3018,75
3019,38
3020,37
3021,60
3022,36
3023,89
3024,99
3025,21
3026,58
3027,25
3028,0
3029,79
3030,80
3031,51
3032,80
3033,21
3034,60
3035,25
3036,88
3037,54
3038,88
3039,78
3040,87
3041,75
3042,86
3043,31
3044,56
3045,3
3046,12
3047,75
3048,28
3049,51
3050,91
3051,43
3052,8
3053,28
3054,49
3055,41
3056,62
3057,87
3058,8
3059,53
3060,59
3061,31
3062,43
3063,95
3064,38
3065,73
3066,0
3067,76
3068,46
3069,10
3070,51
3071,73
3072,85
3073,96
3074,23
3075,75
3076,96
3077,69
3078,97
3079,3
3080,48
3081,36
3082,97
3083,5
3084,17
3085,5
3086,21
3087,65
3088,40
3089,47
3090,14
3091,0
3092,34
3093,25
3094,50
3095,5
3096,17
3097,30
3098,69
3099,21
3100,85
3101,22
3102,64
3103,20
3104,42
3105,24
3106,56
3107,82
3108,55
3109,4
3110,17
3111,82
3112,44
3113,31
3114,38
3115,62
3116,85
3117,40
3118,31
3119,86
3120,71
3121,4
3122,0
3123,57
3124,46
3125,43
3126,35
3127,75
3128,88
3129,74
3130,8
3131,78
3132,70
3133,97
3134,1
3135,51
3136,51
3137,71
3138,5
3139,95
3140,18
3141,94
3142,73
3143,21
3144,30
3145,86
3146,76
3147,67
3148,79
3149,94
3150,56
3151,44
3152,71
3153,15
3154,52
3155,38
3156,27
3157,5
3158,30
3159,40
3160,98
3161,6
3162,36
3163,76
3164,96
3165,17
3166,43
3167,76
3168,37
3169,21
3170,63
3171,2
3172,27
3173,37
3174,16
3175,89
3176,86
3177,89
3178,19
3179,88
3180,26
3181,41
3182,65
3183,73
3184,24
3185,33
3186,20
3187,5
3188,26
3189,69
3190,26
3191,50
3192,34
3193,47
3194,41
3195,59
3196,24
3197,91
3198,94
3199,89
3200,39
3201,86
3202,52
3203,20
3204,68
3205,23
3206,62
3207,24
3208,44
3209,61
3210,54
3211,20
3212,64
3213,73
3214,45
3215,10
3216,9
3217,61
3218,52
3219,73
3220,49
3221,67
3222,38
3223,47
3224,28
3225,57
3226,5
3227,54
3228,23
3229,98
3230,77
3231,72
3232,18
3233,53
3234,99
3235,26
3236,58
3237,90
3238,20
3239,23
3240,48
3241,50
3242,17
3243,76
3244,60
3245,94
3246,68
3247,39
3248,48
3249,91
3250,26
3251,52
3252,99
3253,61
3254,74
3255,86
3256,76
3257,69
3258,15
3259,78
3260,45
3261,63
3262,44
3263,83
3264,21
3265,74
3266,83
3267,30
3268,35
3269,8
3270,98
3271,86
3272,30
3273,2
3274,2
3275,44
3276,89
3277,30
3278,27
3279,9
3280,94
3281,35
3282,39
3283,38
3284,21
3285,71
3286,83
3287,91
3288,81
3289,60
3290,49
3291,76
3292,57
3293,20
3294,63
3295,67
3296,93
3297,91
3298,23
3299,6
3300,30
3301,52
3302,76
3303,56
3304,28
3305,51
3306,89
3307,54
3308,94
3309,34
3310,30
3311,82
3312,22
3313,35
3314,79
3315,2
3316,69
3317,20
3318,79
3319,15
3320,7
3321,31
3322,97
3323,60
3324,33
3325,67
3326,51
3327,33
3328,51
3329,80
3330,60
3331,86
3332,92
3333,48
3334,16
3335,83
3336,77
3337,18
3338,80
3339,68
3340,18
3341,75
3342,33
3343,15
3344,45
3345,74
3346,42
3347,39
3348,86
3349,20
3350,90
3351,3
3352,14
3353,92
3354,2
3355,53
3356,85
3357,60
3358,10
3359,58
3360,57
3361,62
3362,84
3363,76
3364,84
3365,46
3366,89
3367,0
3368,38
3369,89
3370,61
3371,27
3372,65
3373,39
3374,13
3375,0
3376,48
3377,48
3378,94
3379,38
3380,24
3381,79
3382,84
3383,84
3384,47
3385,20
3386,82
3387,42
3388,71
3389,15
3390,33
3391,20
3392,12
3393,21
3394,25
3395,54
3396,1
3397,11
3398,90
3399,99
3400,11
3401,31
3402,82
3403,14
3404,3
3405,94
3406,0
3407,8
3408,93
3409,24
3410,81
3411,14
3412,89
3413,0
3414,23
3415,11
3416,96
3417,7
3418,26
3419,68
3420,24
3421,62
3422,17
3423,19
3424,17
3425,36
3426,42
3427,39
3428,64
3429,57
3430,42
3431,28
3432,1
3433,84
3434,7
3435,57
3436,60
3437,46
3438,14
3439,71
3440,56
3441,52
3442,21
3443,42
3444,32
3445,89
3446,24
3447,75
3448,5
3449,47
3450,12
3451,57
3452,86
3453,76
3454,15
3455,49
3456,21
3457,76
3458,76
3459,29
3460,0
3461,31
3462,32
3463,36
3464,52
3465,56
3466,49
3467,8
3468,94
3469,81
3470,99
3471,71
3472,98
3473,14
3474,18
3475,94
3476,15
3477,31
3478,13
3479,99
3480,19
3481,94
3482,52
3483,73
3484,19
3485,26
3486,88
3487,46
3488,73
3489,95
3490,74
3491,89
3492,94
3493,34
3494,23
3495,93
3496,84
3497,53
3498,63
3499,1
3500,12
3501,38
3502,51
3503,29
3504,64
3505,27
3506,89
3507,22
3508,67
3509,71
3510,0
3511,7
3512,62
3513,17
3514,31
3515,59
3516,83
3517,43
3518,70
3519,0
3520,59
3521,70
3522,18
3523,17
3524,76
3525,48
3526,94
3527,8
3528,80
3529,6
3530,95
3531,1
3532,89
3533,65
3534,64
3535,98
3536,85
3537,64
3538,28
3539,56
3540,48
3541,37
3542,24
3543,5
3544,28
3545,2
3546,90
3547,43
3548,0
3549,42
3550,27
3551,52
3552,99
3553,37
3554,70
3555,23
3556,85
3557,20
3558,48
3559,47
3560,23
3561,20
3562,18
3563,5
3564,13
3565,28
3566,85
3567,31
3568,20
3569,8
3570,94
3571,81
3572,23
3573,32
3574,96
3575,86
3576,41
3577,91
3578,34
3579,75
3580,37
3581,43
3582,47
3583,12
3584,17
3585,74
3586,8
3587,73
3588,18
3589,61
3590,75
3591,22
3592,53
3593,69
3594,78
3595,99
3596,48
3597,51
3598,15
3599,2
3600,33
3601,62
3602,29
3603,32
3604,73
3605,34
3606,54
3607,34
3608,42
3609,94
3610,79
3611,80
3612,71
3613,64
3614,24
3615,10
3616,9
3617,95
3618,86
3619,20
3620,75
3621,38
3622,43
3623,44
3624,96
3625,54
3626,1
3627,16
3628,43
3629,22
3630,58
3631,18
3632,70
3633,73
3634,54
3635,52
3636,5
3637,52
3638,26
3639,8
3640,68
3641,86
3642,68
3643,12
3644,19
3645,56
3646,43
3647,90
3648,29
3649,95
3650,86
3651,1
3652,78
3653,21
3654,40
3655,13
3656,74
3657,60
3658,97
3659,66
3660,64
3661,93
3662,37
3663,72
3664,91
3665,64
3666,73
3667,77
3668,38
3669,85
3670,65
3671,41
3672,71
3673,14
3674,75
3675,58
3676,24
3677,17
3678,23
3679,39
3680,10
3681,82
3682,41
3683,61
3684,42
3685,24
3686,26
3687,21
3688,61
3689,35
3690,80
3691,70
3692,42
3693,78
3694,64
3695,86
3696,96
3697,14
3698,72
3699,42
3700,1
3701,81
3702,94
3703,41
3704,61
3705,0
3706,12
3707,58
3708,34
3709,65
3710,49
3711,2
3712,0
3713,51
3714,41
3715,48
3716,33
3717,27
3718,39
3719,12
3720,19
3721,68
3722,38
3723,70
3724,81
3725,0
3726,95
3727,17
3728,61
3729,5
3730,94
3731,97
3732,58
3733,11
3734,14
3735,52
3736,15
3737,71
3738,95
3739,21
3740,17
3741,73
3742,51
3743,23
3744,99
3745,72
3746,33
3747,97
3748,56
3749,65
3750,80
3751,57
3752,83
3753,5
3754,84
3755,19
3756,68
3757,0
3758,56
3759,84
3760,34
3761,89
3762,91
3763,85
3764,56
3765,98
3766,50
3767,93
3768,77
3769,13
3770,0
3771,41
3772,66
3773,59
3774,49
3775,13
3776,78
3777,63
3778,39
3779,79
3780,5
3781,0
3782,27
3783,86
3784,44
3785,55
3786,93
3787,94
3788,74
3789,6
3790,26
3791,47
3792,17
3793,84
3794,54
3795,41
3796,49
3797,76
3798,51
3799,32
3800,49
3801,83
3802,97
3803,64
3804,91
3805,20
3806,94
3807,20
3808,29
3809,21
3810,17
3811,47
3812,45
3813,68
3814,78
3815,58
3816,28
3817,97
3818,47
3819,63
3820,98
3821,85
3822,56
3823,1
3824,85
3825,85
3826,74
3827,61
3828,83
3829,32
3830,31
3831,97
3832,47
3833,68
3834,9
3835,84
3836,61
3837,39
3838,71
3839,93
3840,4
3841,36
3842,59
3843,30
3844,36
3845,72
3846,59
3847,62
3848,47
3849,97
3850,57
3851,69
3852,4
3853,36
3854,38
3855,39
3856,87
3857,8
3858,86
3859,18
3860,73
3861,79
3862,26
3863,9
3864,1
3865,47
3866,67
3867,88
3868,75
3869,98
3870,57
3871,93
3872,99
3873,8
3874,85
3875,22
3876,25
3877,28
3878,60
3879,2
3880,38
3881,27
3882,42
3883,78
3884,84
3885,53
3886,10
3887,68
3888,97
3889,38
3890,54
3891,84
3892,64
3893,29
3894,85
3895,25
3896,7
3897,85
3898,7
3899,27
3900,87
3901,87
3902,67
3903,54
3904,84
3905,60
3906,9
3907,6
3908,34
3909,33
3910,10
3911,71
3912,20
3913,90
3914,7
3915,84
3916,72
3917,7
3918,54
3919,27
3920,52
3921,6
3922,51
3923,31
3924,94
3925,5
3926,56
3927,13
3928,30
3929,93
3930,63
3931,17
3932,1
3933,49
3934,72
3935,68
3936,84
3937,56
3938,23
3939,19
3940,86
3941,13
3942,17
3943,36
3944,33
3945,66
3946,94
3947,13
3948,85
3949,76
3950,76
3951,39
3952,35
3953,62
3954,17
3955,78
3956,95
3957,75
3958,96
3959,14
3960,48
3961,63
3962,89
3963,27
3964,71
3965,96
3966,7
3967,40
3968,43
3969,47
3970,76
3971,41
3972,64
3973,23
3974,59
3975,82
3976,14
3977,25
3978,6
3979,28
3980,84
3981,6
3982,21
3983,72
3984,51
3985,32
3986,58
3987,29
3988,21
3989,75
3990,86
3991,90
3992,60
3993,50
3994,4
3995,6
3996,6
3997,44
3998,21
3999,52
4000,71
4001,1
4002,61
4003,34
4004,38
4005,77
4006,54
4007,58
4008,13
4009,62
4010,20
4011,93
4012,34
4013,94
4014,1
4015,68
4016,30
4017,93
4018,64
4019,85
4020,57
4021,14
4022,55
4023,16
4024,23
4025,49
4026,46
4027,81
4028,48
4029,9
4030,7
4031,94
4032,90
4033,25
4034,87
4035,52
4036,11
4037,22
4038,41
4039,43
4040,84
4041,76
4042,74
4043,35
4044,31
4045,59
4046,19
4047,41
4048,69
4049,63
4050,91
4051,43
4052,62
4053,22
4054,99
4055,48
4056,35
4057,51
4058,57
4059,31
4060,56
4061,20
4062,47
4063,91
4064,85
4065,60
4066,48
4067,42
4068,95
4069,45
4070,18
4071,35
4072,43
4073,82
4074,99
4075,42
4076,81
4077,36
4078,18
4079,23
4080,87
4081,50
4082,2
4083,49
4084,78
4085,30
4086,52
4087,89
4088,49
4089,51
4090,35
4091,45
4092,71
4093,76
4094,31
4095,81
4096,30
4097,33
4098,64
4099,53
4100,0
4101,63
4102,86
4103,82
4104,40
4105,69
4106,8
4107,3
4108,74
4109,89
4110,32
4111,61
4112,54
4113,79
4114,97
4115,71
4116,39
4117,42
4118,34
4119,23
4120,87
4121,68
4122,17
4123,9
4124,49
4125,20
4126,27
4127,75
4128,92
4129,91
4130,60
4131,77
4132,92
4133,17
4134,84
4135,42
4136,85
4137,12
4138,38
4139,20
4140,80
4141,46
4142,49
4143,91
4144,0
4145,6
4146,99
4147,48
4148,1
4149,60
4150,57
4151,45
4152,76
4153,97
4154,78
4155,43
4156,63
4157,72
4158,37
4159,53
4160,71
4161,19
4162,48
4163,61
4164,21
4165,67
4166,28
4167,12
4168,31
4169,73
4170,11
4171,94
4172,49
4173,32
4174,6
4175,62
4176,61
4177,43
4178,2
4179,41
4180,2
4181,21
4182,42
4183,35
4184,65
4185,58
4186,20
4187,21
4188,44
4189,68
4190,67
4191,63
4192,60
4193,69
4194,17
4195,97
4196,58
4197,82
4198,80
4199,81
4200,89
4201,39
4202,95
4203,43
4204,86
4205,24
4206,64
4207,23
4208,94
4209,60
4210,89
4211,68
4212,60
4213,52
4214,20
4215,63
4216,16
4217,53
4218,78
4219,4
4220,71
4221,57
4222,97
4223,13
4224,47
4225,44
4226,5
4227,2
4228,68
4229,51
4230,54
4231,17
4232,85
4233,54
4234,42
4235,69
4236,97
4237,24
4238,19
4239,99
4240,84
4241,2
4242,78
4243,86
4244,93
4245,94
4246,78
4247,46
4248,51
4249,9
4250,37
4251,89
4252,61
4253,64
4254,34
4255,34
4256,81
4257,2
4258,86
4259,20
4260,32
4261,96
4262,30
4263,14
4264,34
4265,7
4266,94
4267,27
4268,96
4269,80
4270,13
4271,97
4272,7
4273,84
4274,24
4275,73
4276,19
4277,2
4278,95
4279,31
4280,79
4281,94
4282,73
4283,20
4284,5
4285,38
4286,89
4287,34
4288,31
4289,0
4290,13
4291,17
4292,27
4293,91
4294,97
4295,83
4296,13
4297,61
4298,77
4299,81
4300,99
4301,78
4302,40
4303,43
4304,88
4305,14
4306,20
4307,89
4308,20
4309,56
4310,60
4311,79
4312,1
4313,43
4314,10
4315,1
4316,58
4317,46
4318,91
4319,44
4320,34
4321,9
4322,85
4323,9
4324,86
4325,65
4326,77
4327,68
4328,65
4329,63
4330,59
4331,20
4332,15
4333,88
4334,28
4335,57
4336,70
4337,49
4338,64
4339,81
4340,0
4341,69
4342,75
4343,68
4344,71
4345,80
4346,53
4347,88
4348,48
4349,84
4350,97
4351,67
4352,18
4353,87
4354,65
4355,28
4356,73
4357,63
4358,17
4359,84
4360,57
4361,58
4362,52
4363,38
4364,75
4365,43
4366,85
4367,1
4368,83
4369,1
4370,59
4371,95
4372,71
4373,70
4374,57
4375,68
4376,82
4377,57
4378,64
4379,17
4380,76
4381,49
4382,2
4383,65
4384,25
4385,42
4386,36
4387,82
4388,95
4389,61
4390,38
4391,28
4392,24
4393,46
4394,51
4395,2
4396,70
4397,77
4398,52
4399,2
4400,24
4401,54
4402,27
4403,94
4404,89
4405,63
4406,68
4407,24
4408,49
4409,84
4410,80
4411,26
4412,75
4413,33
4414,75
4415,90
4416,12
4417,43
4418,24
4419,31
4420,35
4421,68
4422,79
4423,75
4424,75
4425,41
4426,75
4427,87
4428,7
4429,42
4430,27
4431,83
4432,43
4433,0
4434,46
4435,10
4436,18
4437,49
4438,96
4439,2
4440,96
4441,34
4442,7
4443,86
4444,20
4445,20
4446,72
4447,14
4448,61
4449,80
4450,94
4451,4
4452,43
4453,1
4454,18
4455,74
4456,58
4457,18
4458,10
4459,0
4460,52
4461,92
4462,96
4463,75
4464,85
4465,52
4466,94
4467,20
4468,61
4469,79
4470,75
4471,96
4472,7
4473,21
4474,19
4475,5
4476,91
4477,75
4478,75
4479,73
4480,25
4481,75
4482,34
4483,78
4484,2
4485,43
4486,33
4487,34
4488,18
4489,12
4490,95
4491,31
4492,60
4493,92
4494,15
4495,80
4496,43
4497,17
4498,17
4499,47
4500,17
4501,63
4502,62
4503,93
4504,75
4505,97
4506,58
4507,60
4508,15
4509,69
4510,17
4511,10
4512,21
4513,29
4514,19
4515,58
4516,91
4517,89
4518,5
4519,71
4520,94
4521,85
4522,73
4523,84
4524,95
4525,10
4526,98
4527,33
4528,40
4529,5
4530,59
4531,14
4532,75
4533,72
4534,53
4535,91
4536,83
4537,97
4538,5
4539,55
4540,81
4541,31
4542,52
4543,1
4544,2
4545,94
4546,74
4547,28
4548,42
4549,94
4550,21
4551,80
4552,1
4553,52
4554,75
4555,78
4556,60
4557,70
4558,34
4559,69
4560,2
4561,15
4562,61
4563,17
4564,20
4565,26
4566,95
4567,70
4568,25
4569,78
4570,2
4571,95
4572,26
4573,97
4574,36
4575,2
4576,78
4577,97
4578,41
4579,4
4580,95
4581,47
4582,52
4583,83
4584,68
4585,87
4586,5
4587,92
4588,58
4589,84
4590,18
4591,24
4592,30
4593,99
4594,32
4595,61
4596,44
4597,76
4598,68
4599,3
4600,70
4601,93
4602,97
4603,24
4604,33
4605,41
4606,42
4607,61
4608,33
4609,88
4610,89
4611,39
4612,5
4613,70
4614,95
4615,49
4616,7
4617,52
4618,84
4619,99
4620,25
4621,88
4622,27
4623,46
4624,92
4625,29
4626,4
4627,4
4628,27
4629,61
4630,11
4631,42
4632,43
4633,81
4634,66
4635,98
4636,66
4637,18
4638,5
4639,17
4640,26
4641,1
4642,76
4643,67
4644,72
4645,72
4646,2
4647,42
4648,29
4649,48
4650,95
4651,68
4652,59
4653,51
4654,84
4655,43
4656,85
4657,52
4658,90
4659,46
4660,12
4661,71
4662,79
4663,89
4664,8
4665,28
4666,14
4667,99
4668,5
4669,33
4670,91
4671,97
4672,27
4673,47
4674,13
4675,48
4676,54
4677,67
4678,90
4679,94
4680,89
4681,91
4682,68
4683,57
4684,62
4685,18
4686,7
4687,27
4688,81
4689,20
4690,98
4691,89
4692,66
4693,58
4694,17
4695,91
4696,4
4697,57
4698,9
4699,70
4700,77
4701,62
4702,64
4703,34
4704,61
4705,70
4706,50
4707,79
4708,75
4709,16
4710,34
4711,43
4712,51
4713,97
4714,88
4715,21
4716,1
4717,99
4718,32
4719,96
4720,65
4721,34
4722,20
4723,87
4724,64
4725,40
4726,59
4727,28
4728,29
4729,96
4730,47
4731,81
4732,77
4733,78
4734,65
4735,54
4736,47
4737,96
4738,1
4739,49
4740,37
4741,41
4742,88
4743,30
4744,76
4745,21
4746,82
4747,52
4748,74
4749,97
4750,28
4751,77
4752,43
4753,32
4754,18
4755,36
4756,25
4757,15
4758,15
4759,67
4760,0
4761,36
4762,5
4763,71
4764,23
4765,20
4766,71
4767,47
4768,52
4769,13
4770,30
4771,13
4772,4
4773,5
4774,60
4775,54
4776,95
4777,71
4778,74
4779,34
4780,10
4781,45
4782,67
4783,35
4784,12
4785,28
4786,78
4787,33
4788,13
4789,2
4790,26
4791,3
4792,57
4793,37
4794,76
4795,52
4796,24
4797,70
4798,23
4799,86
4800,39
4801,17
4802,87
4803,71
4804,29
4805,93
4806,28
4807,90
4808,37
4809,39
4810,27
4811,61
4812,42
4813,1
4814,61
4815,9
4816,23
4817,16
4818,87
4819,21
4820,36
4821,58
4822,76
4823,0
4824,86
4825,84
4826,95
4827,42
4828,33
4829,39
4830,16
4831,53
4832,57
4833,72
4834,69
4835,6
4836,11
4837,86
4838,85
4839,94
4840,44
4841,23
4842,43
4843,61
4844,68
4845,61
4846,72
4847,16
4848,9
4849,17
4850,28
4851,82
4852,31
4853,94
4854,43
4855,92
4856,43
4857,76
4858,69
4859,22
4860,75
4861,99
4862,5
4863,1
4864,85
4865,5
4866,68
4867,5
4868,91
4869,61
4870,75
4871,35
4872,91
4873,19
4874,19
4875,79
4876,2
4877,42
4878,28
4879,17
4880,87
4881,63
4882,97
4883,48
4884,5
4885,54
4886,8
4887,69
4888,76
4889,89
4890,16
4891,2
4892,48
4893,49
4894,98
4895,97
4896,14
4897,39
4898,48
4899,87
4900,84
4901,38
4902,87
4903,75
4904,17
4905,56
4906,43
4907,48
4908,63
4909,95
4910,84
4911,3
4912,94
4913,59
4914,38
4915,21
4916,60
4917,35
4918,20
4919,71
4920,23
4921,97
4922,42
4923,0
4924,86
4925,59
4926,26
4927,96
4928,40
4929,51
4930,76
4931,17
4932,43
4933,94
4934,4
4935,63
4936,50
4937,44
4938,30
4939,54
4940,67
4941,7
4942,12
4943,18
4944,41
4945,42
4946,99
4947,94
4948,57
4949,77
4950,68
4951,24
4952,30
4953,1
4954,32
4955,46
4956,43
4957,96
4958,41
4959,56
4960,8
4961,6
4962,35
4963,0
4964,1
4965,0
4966,20
4967,60
4968,51
4969,3
4970,75
4971,80
4972,48
4973,68
4974,79
4975,47
4976,31
4977,47
4978,70
4979,97
4980,78
4981,17
4982,51
4983,91
4984,63
4985,77
4986,13
4987,33
4988,36
4989,62
4990,54
4991,34
4992,42
4993,59
4994,97
4995,0
4996,2
4997,75
4998,21
4999,39
5000,56
5001,53
5002,76
5003,4
5004,23
5005,82
5006,49
5007,20
5008,85
5009,19
5010,88
5011,15
5012,72
5013,78
5014,68
5015,82
5016,80
5017,46
5018,68
5019,47
5020,17
5021,54
5022,20
5023,23
5024,19
5025,13
5026,35
5027,27
5028,54
5029,34
5030,9
5031,38
5032,87
5033,44
5034,34
5035,49
5036,5
5037,41
5038,31
5039,71
5040,42
5041,37
5042,76
5043,21
5044,22
5045,49
5046,21
5047,0
5048,48
5049,52
5050,48
5051,74
5052,33
5053,85
5054,84
5055,63
5056,91
5057,80
5058,50
5059,80
5060,97
5061,94
5062,69
5063,90
5064,28
5065,53
5066,32
5067,15
5068,32
5069,29
5070,32
5071,16
5072,77
5073,78
5074,99
5075,89
5076,21
5077,52
5078,65
5079,27
5080,35
5081,85
5082,44
5083,36
5084,19
5085,54
5086,58
5087,10
5088,1
5089,87
5090,21
5091,95
5092,22
5093,69
5094,52
5095,77
5096,20
5097,91
5098,68
5099,53
5100,76
5101,36
5102,9
5103,19
5104,69
5105,93
5106,79
5107,29
5108,70
5109,42
5110,58
5111,18
5112,48
5113,97
5114,47
5115,17
5116,84
5117,36
5118,78
5119,68
5120,25
5121,52
5122,59
5123,62
5124,21
5125,75
5126,69
5127,48
5128,74
5129,58
5130,90
5131,35
5132,21
5133,37
5134,33
5135,97
5136,12
5137,17
5138,36
5139,46
5140,12
5141,89
5142,43
5143,74
5144,32
5145,47
5146,25
5147,98
5148,89
5149,17
5150,66
5151,23
5152,20
5153,68
5154,79
5155,24
5156,85
5157,30
5158,47
5159,28
5160,43
5161,54
5162,17
5163,21
5164,75
5165,4
5166,75
5167,21
5168,6
5169,85
5170,57
5171,39
5172,15
5173,30
5174,46
5175,58
5176,90
5177,36
5178,54
5179,86
5180,1
5181,94
5182,93
5183,98
5184,13
5185,42
5186,69
5187,69
5188,42
5189,89
5190,95
5191,24
5192,49
5193,71
5194,71
5195,87
5196,71
5197,40
5198,29
5199,42
5200,99
5201,85
5202,91
5203,22
5204,24
5205,60
5206,38
5207,74
5208,75
5209,33
5210,23
5211,0
5212,90
5213,95
5214,24
5215,16
5216,21
5217,3
5218,4
5219,43
5220,91
5221,30
5222,14
5223,52
5224,52
5225,71
5226,98
5227,8
5228,30
5229,86
5230,47
5231,42
5232,23
5233,4
5234,99
5235,31
5236,93
5237,52
5238,56
5239,5
5240,60
5241,49
5242,99
5243,63
5244,31
5245,56
5246,24
5247,8
5248,76
5249,5
5250,39
5251,16
5252,3
5253,43
5254,8
5255,30
5256,28
5257,13
5258,92
5259,69
5260,82
5261,18
5262,59
5263,52
5264,71
5265,47
5266,52
5267,60
5268,69
5269,17
5270,79
5271,36
5272,90
5273,48
5274,77
5275,30
5276,70
5277,53
5278,13
5279,33
5280,49
5281,68
5282,82
5283,73
5284,96
5285,25
5286,94
5287,17
5288,5
5289,1
5290,79
5291,64
5292,45
5293,2
5294,81
5295,48
5296,14
5297,92
5298,10
5299,97
5300,29
5301,71
5302,2
5303,82
5304,8
5305,67
5306,0
5307,34
5308,54
5309,0
5310,78
5311,87
5312,97
5313,60
5314,89
5315,16
5316,80
5317,13
5318,99
5319,16
5320,75
5321,17
5322,4
5323,60
5324,40
5325,91
5326,83
5327,30
5328,20
5329,88
5330,18
5331,98
5332,61
5333,84
5334,2
5335,95
5336,64
5337,76
5338,46
5339,44
5340,93
5341,73
5342,89
5343,5
5344,85
5345,45
5346,78
5347,64
5348,43
5349,5
5350,58
5351,94
5352,36
5353,74
5354,19
5355,76
5356,31
5357,61
5358,80
5359,97
5360,44
5361,43
5362,85
5363,50
5364,94
5365,61
5366,63
5367,85
5368,71
5369,99
5370,0
5371,65
5372,20
5373,66
5374,37
5375,40
5376,36
5377,5
5378,44
5379,49
5380,95
5381,97
5382,45
5383,38
5384,60
5385,3
5386,40
5387,98
5388,34
5389,82
5390,62
5391,34
5392,69
5393,26
5394,61
5395,29
5396,27
5397,55
5398,86
5399,39
5400,17
5401,39
5402,8
5403,31
5404,92
5405,78
5406,8
5407,78
5408,15
5409,38
5410,52
5411,61
5412,9
5413,28
5414,25
5415,41
5416,87
5417,71
5418,95
5419,77
5420,73
5421,1
5422,88
5423,12
5424,97
5425,58
5426,29
5427,82
5428,94
5429,85
5430,48
5431,16
5432,8
5433,74
5434,52
5435,70
5436,20
5437,58
5438,53
5439,60
5440,9
5441,44
5442,49
5443,71
5444,57
5445,47
5446,16
5447,67
5448,56
5449,38
5450,45
5451,19
5452,29
5453,43
5454,87
5455,60
5456,24
5457,20
5458,27
5459,68
5460,3
5461,27
5462,73
5463,76
5464,23
5465,12
5466,63
5467,97
5468,95
5469,94
5470,52
5471,42
5472,43
5473,20
5474,43
5475,91
5476,62
5477,31
5478,27
5479,97
5480,31
5481,78
5482,28
5483,38
5484,18
5485,53
5486,73
5487,24
5488,30
5489,38
5490,54
5491,93
5492,87
5493,78
5494,35
5495,89
5496,70
5497,38
5498,8
5499,39
5500,71
5501,43
5502,8
5503,21
5504,37
5505,39
5506,79
5507,19
5508,26
5509,12
5510,74
5511,17
5512,80
5513,80
5514,54
5515,51
5516,89
5517,31
5518,7
5519,19
5520,70
5521,2
5522,86
5523,45
5524,36
5525,3
5526,76
5527,5
5528,96
5529,6
5530,77
5531,86
5532,47
5533,75
5534,1
5535,4
5536,2
5537,68
5538,47
5539,18
5540,66
5541,5
5542,37
5543,65
5544,81
5545,36
5546,34
5547,76
5548,55
5549,26
5550,89
5551,69
5552,73
5553,71
5554,95
5555,86
5556,7
5557,48
5558,6
5559,24
5560,93
5561,60
5562,27
5563,52
5564,26
5565,94
5566,5
5567,23
5568,58
5569,42
5570,38
5571,85
5572,48
5573,82
5574,21
5575,72
5576,57
5577,33
5578,13
5579,31
5580,8
5581,76
5582,56
5583,7
5584,54
5585,73
5586,86
5587,5
5588,75
5589,33
5590,96
5591,63
5592,1
5593,41
5594,62
5595,88
5596,86
5597,23
5598,27
5599,86
5600,90
5601,97
5602,46
5603,20
5604,7
5605,48
5606,63
5607,94
5608,69
5609,13
5610,18
5611,49
5612,44
5613,63
5614,84
5615,31
5616,54
5617,28
5618,27
5619,34
5620,17
5621,31
5622,70
5623,98
5624,86
5625,61
5626,64
5627,15
5628,78
5629,17
5630,68
5631,55
5632,81
5633,95
5634,90
5635,81
5636,35
5637,68
5638,60
5639,18
5640,41
5641,69
5642,72
5643,94
5644,42
5645,47
5646,9
5647,5
5648,18
5649,94
5650,34
5651,96
5652,23
5653,24
5654,48
5655,6
5656,73
5657,60
5658,62
5659,33
5660,68
5661,52
5662,18
5663,85
5664,94
5665,77
5666,94
5667,91
5668,70
5669,59
5670,97
5671,66
5672,72
5673,7
5674,31
5675,0
5676,61
5677,24
5678,59
5679,92
5680,83
5681,74
5682,90
5683,20
5684,54
5685,11
5686,2
5687,84
5688,65
5689,78
5690,61
5691,48
5692,92
5693,3
5694,21
5695,49
5696,89
5697,36
5698,74
5699,20
5700,28
5701,27
5702,91
5703,71
5704,2
5705,91
5706,87
5707,29
5708,54
5709,86
5710,15
5711,50
5712,29
5713,54
5714,22
5715,67
5716,57
5717,81
5718,3
5719,94
5720,51
5721,49
5722,56
5723,18
5724,20
5725,0
5726,88
5727,53
5728,37
5729,93
5730,31
5731,83
5732,13
5733,86
5734,39
5735,67
5736,21
5737,86
5738,13
5739,44
5740,57
5741,9
5742,70
5743,68
5744,63
5745,51
5746,5
5747,9
5748,81
5749,17
5750,67
5751,21
5752,50
5753,1
5754,95
5755,21
5756,58
5757,96
5758,28
5759,79
5760,11
5761,76
5762,53
5763,89
5764,44
5765,97
5766,28
5767,72
5768,87
5769,54
5770,77
5771,30
5772,39
5773,73
5774,2
5775,20
5776,5
5777,71
5778,12
5779,63
5780,77
5781,50
5782,42
5783,65
5784,62
5785,99
5786,92
5787,4
5788,34
5789,70
5790,68
5791,73
5792,24
5793,58
5794,31
5795,95
5796,76
5797,99
5798,35
5799,20
5800,7
5801,42
5802,38
5803,30
5804,73
5805,93
5806,41
5807,0
5808,28
5809,0
5810,13
5811,17
5812,82
5813,81
5814,71
5815,23
5816,69
5817,81
5818,13
5819,87
5820,51
5821,2
5822,17
5823,56
5824,7
5825,94
5826,85
5827,76
5828,90
5829,38
5830,27
5831,3
5832,63
5833,64
5834,85
5835,29
5836,54
5837,56
5838,25
5839,41
5840,33
5841,79
5842,86
5843,8
5844,79
5845,22
5846,37
5847,45
5848,92
5849,28
5850,88
5851,93
5852,71
5853,13
5854,47
5855,11
5856,55
5857,17
5858,1
5859,18
5860,30
5861,53
5862,94
5863,0
5864,60
5865,16
5866,54
5867,78
5868,52
5869,68
5870,78
5871,86
5872,75
5873,7
5874,4
5875,71
5876,85
5877,8
5878,67
5879,40
5880,17
5881,6
5882,85
5883,10
5884,28
5885,0
5886,52
5887,1
5888,71
5889,36
5890,45
5891,99
5892,75
5893,87
5894,8
5895,93
5896,1
5897,14
5898,43
5899,41
5900,0
5901,30
5902,85
5903,97
5904,6
5905,42
5906,70
5907,73
5908,37
5909,30
5910,91
5911,27
5912,64
5913,0
5914,57
5915,78
5916,84
5917,53
5918,76
5919,52
5920,89
5921,36
5922,61
5923,24
5924,75
5925,67
5926,20
5927,71
5928,65
5929,83
5930,99
5931,82
5932,57
5933,64
5934,69
5935,73
5936,13
5937,4
5938,27
5939,54
5940,99
5941,60
5942,67
5943,6
5944,19
5945,34
5946,31
5947,88
5948,18
5949,27
5950,89
5951,23
5952,76
5953,68
5954,73
5955,27
5956,88
5957,89
5958,42
5959,61
5960,77
5961,30
5962,45
5963,5
5964,99
5965,60
5966,80
5967,62
5968,87
5969,5
5970,2
5971,11
5972,34
5973,27
5974,85
5975,92
5976,28
5977,96
5978,22
5979,8
5980,35
5981,33
5982,4
5983,61
5984,15
5985,49
5986,95
5987,25
5988,16
5989,30
5990,24
5991,61
5992,24
5993,70
5994,25
5995,20
5996,14
5997,17
5998,70
5999,21
6000,43
6001,18
6002,35
6003,49
6004,47
6005,59
6006,95
6007,34
6008,94
6009,30
6010,91
6011,17
6012,58
6013,95
6014,18
6015,27
6016,30
6017,71
6018,24
6019,74
6020,28
6021,2
6022,93
6023,35
6024,77
6025,57
6026,88
6027,4
6028,40
6029,95
6030,82
6031,23
6032,47
6033,40
6034,61
6035,51
6036,93
6037,76
6038,54
6039,8
6040,90
6041,16
6042,39
6043,70
6044,15
6045,50
6046,94
6047,62
6048,59
6049,70
6050,70
6051,2
6052,31
6053,59
6054,28
6055,80
6056,10
6057,16
6058,21
6059,28
6060,98
6061,93
6062,47
6063,89
6064,18
6065,24
6066,49
6067,3
6068,72
6069,10
6070,12
6071,28
6072,23
6073,24
6074,5
6075,58
6076,36
6077,21
6078,82
6079,61
6080,97
6081,46
6082,99
6083,17
6084,24
6085,42
6086,27
6087,20
6088,46
6089,9
6090,3
6091,78
6092,28
6093,51
6094,43
6095,94
6096,2
6097,39
6098,20
6099,0
6100,27
6101,52
6102,70
6103,43
6104,31
6105,42
6106,56
6107,23
6108,68
6109,48
6110,43
6111,8
6112,39
6113,21
6114,96
6115,63
6116,32
6117,22
6118,89
6119,31
6120,4
6121,14
6122,97
6123,65
6124,88
6125,67
6126,65
6127,63
6128,28
6129,23
6130,31
6131,97
6132,2
6133,6
6134,72
6135,36
6136,7
6137,52
6138,58
6139,99
6140,3
6141,20
6142,56
6143,88
6144,3
6145,5
6146,24
6147,34
6148,35
6149,12
6150,73
6151,43
6152,34
6153,79
6154,27
6155,6
6156,88
6157,27
6158,21
6159,86
6160,27
6161,44
6162,82
6163,1
6164,59
6165,91
6166,1
6167,70
6168,94
6169,84
6170,79
6171,29
6172,17
6173,56
6174,47
6175,34
6176,55
6177,4
6178,54
6179,49
6180,43
6181,68
6182,76
6183,6
6184,56
6185,55
6186,14
6187,28
6188,61
6189,97
6190,59
6191,87
6192,26
6193,72
6194,40
6195,51
6196,2
6197,57
6198,2
6199,53
6200,31
6201,51
6202,93
6203,42
6204,39
6205,95
6206,87
6207,80
6208,60
6209,31
6210,79
6211,95
6212,9
6213,87
6214,14
6215,64
6216,95
6217,9
6218,99
6219,70
6220,52
6221,40
6222,62
6223,17
6224,82
6225,22
6226,79
6227,98
6228,75
6229,64
6230,84
6231,99
6232,56
6233,20
6234,95
6235,68
6236,96
6237,89
6238,61
6239,9
6240,23
6241,70
6242,3
6243,80
6244,14
6245,20
6246,76
6247,53
6248,95
6249,47
6250,60
6251,28
6252,36
6253,0
6254,45
6255,85
6256,34
6257,15
6258,24
6259,12
6260,59
6261,60
6262,46
6263,57
6264,52
6265,87
6266,8
6267,22
6268,54
6269,91
6270,57
6271,44
6272,88
6273,46
6274,62
6275,60
6276,74
6277,7
6278,51
6279,48
6280,1
6281,23
6282,14
6283,12
6284,7
6285,68
6286,42
6287,67
6288,80
6289,5
6290,57
6291,98
6292,8
6293,15
6294,57
6295,52
6296,64
6297,39
6298,36
6299,86
6300,84
6301,35
6302,36
6303,31
6304,61
6305,48
6306,63
6307,91
6308,33
6309,6
6310,67
6311,81
6312,97
6313,29
6314,14
6315,71
6316,68
6317,40
6318,95
6319,59
6320,74
6321,98
6322,17
6323,86
6324,78
6325,44
6326,88
6327,5
6328,97
6329,94
6330,74
6331,86
6332,52
6333,52
6334,94
6335,63
6336,16
6337,69
6338,41
6339,32
6340,87
6341,34
6342,61
6343,3
6344,44
6345,23
6346,38
6347,64
6348,78
6349,95
6350,2
6351,54
6352,60
6353,13
6354,69
6355,30
6356,54
6357,66
6358,73
6359,21
6360,41
6361,24
6362,59
6363,21
6364,20
6365,29
6366,62
6367,15
6368,87
6369,63
6370,61
6371,5
6372,51
6373,67
6374,98
6375,18
6376,71
6377,75
6378,97
6379,17
6380,26
6381,54
6382,31
6383,11
6384,25
6385,73
6386,69
6387,21
6388,82
6389,55
6390,94
6391,34
6392,12
6393,18
6394,15
6395,42
6396,13
6397,82
6398,60
6399,15
6400,53
6401,63
6402,67
6403,58
6404,73
6405,52
6406,17
6407,59
6408,5
6409,77
6410,67
6411,13
6412,37
6413,94
6414,92
6415,83
6416,25
6417,46
6418,34
6419,76
6420,43
6421,49
6422,31
6423,46
6424,91
6425,68
6426,52
6427,15
6428,29
6429,5
6430,59
6431,5
6432,71
6433,97
6434,19
6435,86
6436,97
6437,48
6438,29
6439,23
6440,9
6441,23
6442,7
6443,42
6444,33
6445,43
6446,18
6447,97
6448,0
6449,68
6450,29
6451,20
6452,32
6453,55
6454,56
6455,27
6456,31
6457,11
6458,45
6459,27
6460,13
6461,23
6462,18
6463,54
6464,0
6465,81
6466,76
6467,18
6468,50
6469,51
6470,32
6471,30
6472,76
6473,86
6474,85
6475,15
6476,62
6477,5
6478,17
6479,52
6480,52
6481,43
6482,87
6483,28
6484,89
6485,85
6486,29
6487,83
6488,99
6489,30
6490,22
6491,20
6492,27
6493,20
6494,4
6495,29
6496,72
6497,91
6498,77
6499,45
6500,61
6501,49
6502,2
6503,14
6504,47
6505,53
6506,85
6507,9
6508,33
6509,29
6510,73
6511,3
6512,94
6513,98
6514,33
6515,63
6516,53
6517,12
6518,80
6519,89
6520,62
6521,4
6522,39
6523,67
6524,29
6525,20
6526,13
6527,68
6528,97
6529,91
6530,61
6531,87
6532,44
6533,25
6534,34
6535,15
6536,43
6537,97
6538,75
6539,45
6540,43
6541,6
6542,18
6543,23
6544,15
6545,24
6546,76
6547,39
6548,56
6549,80
6550,26
6551,53
6552,99
6553,8
6554,33
6555,27
6556,81
6557,68
6558,77
6559,61
6560,34
6561,42
6562,33
6563,60
6564,98
6565,33
6566,88
6567,31
6568,94
6569,17
6570,61
6571,24
6572,37
6573,98
6574,0
6575,34
6576,65
6577,51
6578,79
6579,78
6580,82
6581,28
6582,17
6583,11
6584,86
6585,36
6586,49
6587,38
6588,56
6589,28
6590,35
6591,8
6592,96
6593,6
6594,20
6595,89
6596,23
6597,16
6598,76
6599,42
6600,38
6601,83
6602,24
6603,77
6604,16
6605,68
6606,46
6607,59
6608,5
6609,84
6610,17
6611,2
6612,52
6613,99
6614,87
6615,31
6616,15
6617,11
6618,61
6619,20
6620,96
6621,89
6622,89
6623,84
6624,2
6625,18
6626,31
6627,24
6628,26
6629,32
6630,36
6631,4
6632,39
6633,41
6634,32
6635,71
6636,76
6637,24
6638,73
6639,21
6640,37
6641,1
6642,74
6643,96
6644,30
6645,73
6646,72
6647,82
6648,63
6649,30
6650,71
6651,2
6652,97
6653,90
6654,43
6655,32
6656,86
6657,84
6658,36
6659,57
6660,53
6661,60
6662,57
6663,83
6664,79
6665,32
6666,38
6667,94
6668,50
6669,24
6670,69
6671,42
6672,11
6673,22
6674,49
6675,21
6676,36
6677,1
6678,21
6679,88
6680,99
6681,80
6682,79
6683,36
6684,76
6685,42
6686,31
6687,82
6688,78
6689,61
6690,72
6691,17
6692,78
6693,34
6694,76
6695,79
6696,85
6697,45
6698,2
6699,75
6700,78
6701,98
6702,95
6703,89
6704,97
6705,79
6706,74
6707,67
6708,47
6709,84
6710,61
6711,43
6712,10
6713,5
6714,91
6715,27
6716,2
6717,71
6718,21
6719,40
6720,62
6721,80
6722,20
6723,75
6724,40
6725,37
6726,42
6727,95
6728,63
6729,51
6730,48
6731,77
6732,24
6733,94
6734,84
6735,88
6736,39
6737,14
6738,14
6739,69
6740,19
6741,47
6742,39
6743,58
6744,76
6745,44
6746,36
6747,9
6748,24
6749,86
6750,57
6751,91
6752,63
6753,65
6754,70
6755,79
6756,67
6757,55
6758,2
6759,28
6760,23
6761,94
6762,60
6763,5
6764,8
6765,74
6766,78
6767,39
6768,59
6769,69
6770,54
6771,37
6772,98
6773,52
6774,10
6775,2
6776,76
6777,39
6778,81
6779,80
6780,43
6781,23
6782,41
6783,47
6784,45
6785,17
6786,1
6787,62
6788,78
6789,98
6790,37
6791,71
6792,64
6793,69
6794,77
6795,36
6796,75
6797,24
6798,23
6799,72
6800,8
6801,92
6802,2
6803,18
6804,31
6805,84
6806,0
6807,57
6808,7
6809,94
6810,67
6811,74
6812,60
6813,21
6814,58
6815,79
6816,28
6817,97
6818,44
6819,2
6820,52
6821,92
6822,15
6823,94
6824,68
6825,59
6826,86
6827,0
6828,14
6829,52
6830,11
6831,20
6832,98
6833,54
6834,85
6835,59
6836,96
6837,63
6838,93
6839,62
6840,25
6841,4
6842,46
6843,6
6844,20
6845,62
6846,52
6847,70
6848,34
6849,19
6850,73
6851,24
6852,28
6853,6
6854,38
6855,45
6856,97
6857,57
6858,85
6859,0
6860,40
6861,68
6862,33
6863,94
6864,71
6865,8
6866,85
6867,69
6868,86
6869,50
6870,60
6871,90
6872,88
6873,90
6874,17
6875,2
6876,54
6877,45
6878,61
6879,2
6880,19
6881,68
6882,17
6883,61
6884,4
6885,80
6886,9
6887,99
6888,77
6889,27
6890,22
6891,97
6892,67
6893,61
6894,97
6895,43
6896,70
6897,92
6898,96
6899,40
6900,20
6901,91
6902,92
6903,17
6904,12
6905,83
6906,54
6907,13
6908,49
6909,26
6910,67
6911,51
6912,61
6913,15
6914,7
6915,42
6916,95
6917,38
6918,8
6919,20
6920,30
6921,81
6922,53
6923,38
6924,43
6925,7
6926,52
6927,54
6928,53
6929,68
6930,89
6931,53
6932,94
6933,18
6934,97
6935,36
6936,44
6937,48
6938,31
6939,62
6940,81
6941,79
6942,28
6943,24
6944,79
6945,82
6946,21
6947,41
6948,13
6949,22
6950,56
6951,21
6952,23
6953,71
6954,89
6955,49
6956,20
6957,60
6958,8
6959,40
6960,24
6961,68
6962,86
6963,76
6964,5
6965,14
6966,60
6967,38
6968,79
6969,65
6970,3
6971,16
6972,6
6973,52
6974,96
6975,53
6976,32
6977,7
6978,83
6979,63
6980,46
6981,76
6982,42
6983,52
6984,35
6985,31
6986,8
6987,13
6988,36
6989,91
6990,3
6991,55
6992,60
6993,92
6994,20
6995,61
6996,43
6997,6
6998,2
6999,24
7000,35
7001,91
7002,43
7003,7
7004,51
7005,96
7006,89
7007,0
7008,91
7009,1
7010,21
7011,55
7012,9
7013,87
7014,85
7015,89
7016,38
7017,82
7018,74
7019,83
7020,88
7021,36
7022,14
7023,78
7024,40
7025,54
7026,49
7027,81
7028,97
7029,23
7030,69
7031,96
7032,50
7033,86
7034,42
7035,62
7036,8
7037,34
7038,28
7039,71
7040,45
7041,53
7042,73
7043,5
7044,46
7045,5
7046,5
7047,36
7048,95
7049,62
7050,94
7051,37
7052,86
7053,29
7054,28
7055,29
7056,62
7057,90
7058,62
7059,11
7060,2
7061,42
7062,10
7063,86
7064,36
7065,1
7066,18
7067,51
7068,18
7069,56
7070,85
7071,20
7072,23
7073,42
7074,24
7075,79
7076,2
7077,98
7078,31
7079,21
7080,13
7081,95
7082,24
7083,66
7084,5
7085,92
7086,59
7087,91
7088,7
7089,71
7090,94
7091,26
7092,28
7093,22
7094,48
7095,24
7096,44
7097,1
7098,68
7099,1
7100,60
7101,97
7102,80
7103,23
7104,77
7105,40
7106,21
7107,17
7108,19
7109,48
7110,38
7111,91
7112,93
7113,39
7114,31
7115,38
7116,12
7117,14
7118,23
7119,57
7120,70
7121,85
7122,70
7123,94
7124,1
7125,22
7126,61
7127,31
7128,29
7129,62
7130,2
7131,75
7132,85
7133,15
7134,48
7135,27
7136,20
7137,88
7138,8
7139,83
7140,79
7141,38
7142,74
7143,98
7144,30
7145,68
7146,3
7147,19
7148,95
7149,86
7150,64
7151,71
7152,14
7153,47
7154,76
7155,17
7156,32
7157,19
7158,96
7159,35
7160,58
7161,15
7162,18
7163,98
7164,33
7165,23
7166,51
7167,76
7168,7
7169,72
7170,65
7171,17
7172,86
7173,10
7174,22
7175,26
7176,68
7177,18
7178,57
7179,57
7180,60
7181,14
7182,72
7183,94
7184,61
7185,67
7186,83
7187,92
7188,85
7189,88
7190,53
7191,23
7192,20
7193,38
7194,14
7195,33
7196,15
7197,62
7198,49
7199,92
7200,26
7201,96
7202,20
7203,62
7204,28
7205,15
7206,97
7207,58
7208,78
7209,48
7210,52
7211,37
7212,58
7213,24
7214,60
7215,60
7216,36
7217,71
7218,0
7219,0
7220,19
7221,35
7222,71
7223,43
7224,95
7225,34
7226,74
7227,41
7228,65
7229,43
7230,97
7231,46
7232,26
7233,77
7234,17
7235,50
7236,10
7237,77
7238,43
7239,58
7240,28
7241,30
7242,8
7243,21
7244,28
7245,41
7246,74
7247,17
7248,3
7249,5
7250,72
7251,75
7252,53
7253,76
7254,30
7255,75
7256,29
7257,31
7258,82
7259,13
7260,98
7261,54
7262,8
7263,34
7264,27
7265,97
7266,46
7267,64
7268,53
7269,26
7270,55
7271,93
7272,30
7273,89
7274,8
7275,22
7276,34
7277,24
7278,75
7279,71
7280,72
7281,8
7282,8
7283,42
7284,19
7285,91
7286,13
7287,18
7288,41
7289,48
7290,35
7291,36
7292,83
7293,31
7294,19
7295,25
7296,84
7297,34
7298,15
7299,41
7300,93
7301,21
7302,95
7303,20
7304,55
7305,15
7306,34
7307,36
7308,97
7309,73
7310,2
7311,23
7312,29
7313,70
7314,48
7315,29
7316,60
7317,88
7318,99
7319,5
7320,15
7321,74
7322,99
7323,34
7324,14
7325,21
7326,54
7327,36
7328,82
7329,73
7330,81
7331,61
7332,76
7333,29
7334,15
7335,30
7336,7
7337,37
7338,31
7339,73
7340,24
7341,9
7342,33
7343,49
7344,25
7345,41
7346,2
7347,77
7348,12
7349,89
7350,9
7351,65
7352,52
7353,88
7354,92
7355,25
7356,84
7357,15
7358,67
7359,36
7360,29
7361,70
7362,53
7363,68
7364,54
7365,53
7366,24
7367,17
7368,42
7369,58
7370,3
7371,67
7372,89
7373,34
7374,48
7375,97
7376,12
7377,29
7378,96
7379,81
7380,84
7381,29
7382,6
7383,15
7384,52
7385,24
7386,78
7387,8
7388,37
7389,21
7390,9
7391,81
7392,86
7393,59
7394,85
7395,3
7396,23
7397,60
7398,76
7399,55
7400,86
7401,20
7402,23
7403,5
7404,51
7405,99
7406,83
7407,66
7408,27
7409,53
7410,95
7411,42
7412,79
7413,79
7414,52
7415,9
7416,58
7417,7
7418,57
7419,60
7420,61
7421,83
7422,66
7423,9
7424,47
7425,43
7426,44
7427,78
7428,54
7429,19
7430,60
7431,28
7432,75
7433,74
7434,31
7435,62
7436,40
7437,94
7438,52
7439,39
7440,21
7441,13
7442,70
7443,9
7444,20
7445,31
7446,49
7447,14
7448,24
7449,44
7450,47
7451,68
7452,71
7453,94
7454,5
7455,46
7456,20
7457,62
7458,24
7459,16
7460,20
7461,68
7462,89
7463,66
7464,22
7465,61
7466,73
7467,51
7468,77
7469,43
7470,29
7471,58
7472,93
7473,73
7474,12
7475,43
7476,63
7477,85
7478,47
7479,23
7480,53
7481,76
7482,61
7483,94
7484,12
7485,27
7486,47
7487,58
7488,60
7489,31
7490,3
7491,4
7492,60
7493,56
7494,63
7495,21
7496,96
7497,30
7498,17
7499,48
7500,98
7501,63
7502,75
7503,88
7504,14
7505,92
7506,6
7507,38
7508,49
7509,85
7510,56
7511,27
7512,21
7513,44
7514,9
7515,61
7516,79
7517,84
7518,53
7519,5
7520,38
7521,43
7522,32
7523,54
7524,21
7525,38
7526,49
7527,21
7528,69
7529,63
7530,10
7531,18
7532,71
7533,12
7534,17
7535,20
7536,21
7537,17
7538,52
7539,22
7540,53
7541,41
7542,20
7543,14
7544,86
7545,45
7546,27
7547,45
7548,68
7549,29
7550,75
7551,71
7552,60
7553,74
7554,22
7555,48
7556,43
7557,42
7558,51
7559,75
7560,88
7561,43
7562,17
7563,42
7564,99
7565,23
7566,60
7567,86
7568,10
7569,48
7570,39
7571,20
7572,64
7573,7
7574,30
7575,19
7576,91
7577,17
7578,46
7579,32
7580,45
7581,87
7582,38
7583,27
7584,2
7585,20
7586,94
7587,2
7588,92
7589,83
7590,89
7591,62
7592,22
7593,82
7594,36
7595,48
7596,28
7597,37
7598,54
7599,91
7600,95
7601,6
7602,76
7603,24
7604,11
7605,7
7606,65
7607,20
7608,35
7609,4
7610,33
7611,52
7612,86
7613,27
7614,42
7615,14
7616,82
7617,36
7618,75
7619,21
7620,79
7621,42
7622,61
7623,91
7624,30
7625,24
7626,99
7627,95
7628,81
7629,53
7630,38
7631,52
7632,80
7633,26
7634,82
7635,65
7636,45
7637,42
7638,70
7639,34
7640,85
7641,27
7642,62
7643,20
7644,1
7645,79
7646,87
7647,14
7648,8
7649,68
7650,76
7651,86
7652,43
7653,84
7654,94
7655,0
7656,20
7657,40
7658,13
7659,90
7660,59
7661,58
7662,90
7663,61
7664,96
7665,66
7666,52
7667,35
7668,68
7669,42
7670,4
7671,2
7672,84
7673,97
7674,20
7675,66
7676,43
7677,3
7678,75
7679,53
7680,4
7681,71
7682,20
7683,15
7684,7
7685,42
7686,61
7687,64
7688,51
7689,70
7690,5
7691,80
7692,72
7693,56
7694,94
7695,33
7696,80
7697,79
7698,39
7699,99
7700,68
7701,56
7702,63
7703,49
7704,31
7705,60
7706,27
7707,63
7708,74
7709,60
7710,17
7711,97
7712,16
7713,4
7714,51
7715,14
7716,36
7717,30
7718,41
7719,82
7720,54
7721,13
7722,37
7723,75
7724,81
7725,71
7726,24
7727,19
7728,14
7729,27
7730,57
7731,0
7732,7
7733,83
7734,52
7735,27
7736,81
7737,22
7738,85
7739,69
7740,18
7741,89
7742,0
7743,5
7744,70
7745,54
7746,76
7747,92
7748,87
7749,85
7750,91
7751,66
7752,27
7753,43
7754,83
7755,82
7756,17
7757,66
7758,7
7759,63
7760,76
7761,5
7762,9
7763,11
7764,36
7765,43
7766,85
7767,33
7768,99
7769,73
7770,64
7771,0
7772,15
7773,45
7774,85
7775,50
7776,82
7777,24
7778,51
7779,83
7780,22
7781,99
7782,7
7783,8
7784,50
7785,54
7786,96
7787,34
7788,24
7789,91
7790,53
7791,30
7792,43
7793,40
7794,41
7795,58
7796,53
7797,8
7798,20
7799,17
7800,15
7801,79
7802,91
7803,78
7804,8
7805,29
7806,48
7807,30
7808,3
7809,8
7810,40
7811,94
7812,20
7813,18
7814,62
7815,21
7816,20
7817,30
7818,29
7819,32
7820,91
7821,61
7822,75
7823,17
7824,71
7825,70
7826,35
7827,52
7828,43
7829,33
7830,99
7831,52
7832,18
7833,34
7834,60
7835,15
7836,30
7837,81
7838,94
7839,64
7840,79
7841,42
7842,54
7843,94
7844,71
7845,60
7846,6
7847,93
7848,74
7849,20
7850,9
7851,68
7852,85
7853,22
7854,63
7855,53
7856,23
7857,66
7858,91
7859,51
7860,67
7861,70
7862,40
7863,90
7864,14
7865,94
7866,4
7867,17
7868,23
7869,53
7870,42
7871,27
7872,85
7873,15
7874,13
7875,78
7876,35
7877,48
7878,69
7879,56
7880,28
7881,33
7882,90
7883,10
7884,32
7885,51
7886,56
7887,9
7888,74
7889,90
7890,24
7891,75
7892,39
7893,76
7894,31
7895,14
7896,52
7897,65
7898,90
7899,40
7900,90
7901,84
7902,24
7903,5
7904,42
7905,11
7906,96
7907,83
7908,79
7909,70
7910,69
7911,14
7912,58
7913,86
7914,75
7915,20
7916,3
7917,28
7918,96
7919,30
7920,59
7921,17
7922,49
7923,57
7924,36
7925,15
7926,48
7927,46
7928,30
7929,81
7930,1
7931,23
7932,18
7933,58
7934,5
7935,38
7936,86
7937,34
7938,28
7939,99
7940,62
7941,53
7942,1
7943,34
7944,77
7945,84
7946,76
7947,8
7948,56
7949,8
7950,78
7951,62
7952,44
7953,30
7954,73
7955,2
7956,17
7957,33
7958,4
7959,18
7960,81
7961,60
7962,35
7963,93
7964,18
7965,86
7966,63
7967,20
7968,84
7969,18
7970,23
7971,24
7972,85
7973,34
7974,48
7975,35
7976,20
7977,61
7978,59
7979,64
7980,61
7981,0
7982,9
7983,47
7984,33
7985,86
7986,54
7987,16
7988,75
7989,82
7990,80
7991,6
7992,17
7993,43
7994,49
7995,56
7996,1
7997,32
7998,10
7999,97
8000,43
8001,1
8002,91
8003,39
8004,40
8005,37
8006,40
8007,45
8008,28
8009,41
8010,47
8011,91
8012,98
8013,0
8014,89
8015,25
8016,87
8017,19
8018,84
8019,1
8020,54
8021,61
8022,86
8023,85
8024,60
8025,82
8026,89
8027,18
8028,85
8029,6
8030,96
8031,58
8032,91
8033,10
8034,41
8035,60
8036,25
8037,49
8038,34
8039,70
8040,24
8041,15
8042,75
8043,60
8044,7
8045,0
8046,10
8047,97
8048,73
8049,50
8050,32
8051,33
8052,49
8053,70
8054,31
8055,33
8056,8
8057,42
8058,22
8059,46
8060,40
8061,53
8062,98
8063,27
8064,8
8065,13
8066,13
8067,76
8068,6
8069,46
8070,63
8071,94
8072,54
8073,36
8074,84
8075,80
8076,63
8077,94
8078,16
8079,31
8080,26
8081,94
8082,75
8083,16
8084,79
8085,81
8086,91
8087,48
8088,57
8089,76
8090,69
8091,21
8092,44
8093,70
8094,96
8095,75
8096,36
8097,52
8098,30
8099,70
8100,43
8101,97
8102,56
8103,49
8104,18
8105,75
8106,62
8107,76
8108,17
8109,88
8110,61
8111,69
8112,69
8113,18
8114,24
8115,21
8116,78
8117,65
8118,3
8119,33
8120,29
8121,68
8122,43
8123,61
8124,27
8125,91
8126,37
8127,17
8128,68
8129,60
8130,27
8131,70
8132,26
8133,54
8134,24
8135,70
8136,18
8137,71
8138,45
8139,20
8140,18
8141,81
8142,31
8143,6
8144,75
8145,45
8146,7
8147,68
8148,41
8149,31
8150,94
8151,86
8152,42
8153,99
8154,91
8155,77
8156,1
8157,73
8158,54
8159,35
8160,73
8161,8
8162,54
8163,60
8164,98
8165,94
8166,82
8167,29
8168,94
8169,15
8170,84
8171,63
8172,95
8173,69
8174,60
8175,69
8176,91
8177,16
8178,27
8179,48
8180,62
8181,44
8182,74
8183,48
8184,78
8185,81
8186,33
8187,88
8188,83
8189,7
8190,23
8191,68
8192,91
8193,84
8194,89
8195,61
8196,60
8197,93
8198,61
8199,4
8200,43
8201,97
8202,71
8203,53
8204,70
8205,34
8206,86
8207,78
8208,18
8209,20
8210,4
8211,2
8212,85
8213,63
8214,80
8215,71
8216,50
8217,95
8218,81
8219,7
8220,73
8221,68
8222,4
8223,82
8224,85
8225,46
8226,33
8227,33
8228,47
8229,75
8230,23
8231,15
8232,45
8233,99
8234,43
8235,33
8236,21
8237,45
8238,91
8239,36
8240,56
8241,41
8242,75
8243,53
8244,46
8245,99
8246,59
8247,38
8248,12
8249,1
8250,0
8251,30
8252,19
8253,20
8254,15
8255,7
8256,18
8257,31
8258,85
8259,91
8260,36
8261,31
8262,92
8263,31
8264,56
8265,11
8266,30
8267,10
8268,87
8269,29
8270,60
8271,1
8272,86
8273,34
8274,9
8275,74
8276,12
8277,59
8278,36
8279,99
8280,79
8281,27
8282,72
8283,60
8284,17
8285,35
8286,20
8287,43
8288,30
8289,92
8290,12
8291,70
8292,80
8293,64
8294,7
8295,41
8296,39
8297,68
8298,5
8299,3
8300,48
8301,33
8302,0
8303,70
8304,59
8305,24
8306,7
8307,17
8308,87
8309,9
8310,45
8311,41
8312,39
8313,4
8314,0
8315,43
8316,5
8317,94
8318,51
8319,30
8320,77
8321,91
8322,74
8323,38
8324,97
8325,0
8326,89
8327,0
8328,78
8329,81
8330,43
8331,11
8332,23
8333,5
8334,39
8335,51
8336,23
8337,98
8338,32
8339,99
8340,20
8341,14
8342,87
8343,47
8344,53
8345,3
8346,52
8347,43
8348,62
8349,42
8350,68
8351,18
8352,1
8353,71
8354,31
8355,98
8356,83
8357,90
8358,2
8359,28
8360,17
8361,28
8362,37
8363,34
8364,74
8365,77
8366,21
8367,93
8368,28
8369,87
8370,77
8371,41
8372,74
8373,49
8374,47
8375,0
8376,27
8377,79
8378,82
8379,4
8380,60
8381,50
8382,56
8383,75
8384,32
8385,42
8386,86
8387,91
8388,49
8389,36
8390,33
8391,21
8392,95
8393,58
8394,54
8395,61
8396,91
8397,53
8398,52
8399,6
8400,95
8401,33
8402,8
8403,75
8404,70
8405,34
8406,39
8407,42
8408,52
8409,42
8410,81
8411,87
8412,96
8413,11
8414,16
8415,33
8416,68
8417,41
8418,42
8419,87
8420,74
8421,17
8422,38
8423,93
8424,18
8425,4
8426,57
8427,60
8428,67
8429,75
8430,21
8431,77
8432,58
8433,54
8434,87
8435,86
8436,56
8437,76
8438,38
8439,45
8440,73
8441,95
8442,54
8443,62
8444,99
8445,50
8446,86
8447,47
8448,54
8449,52
8450,23
8451,62
8452,62
8453,39
8454,84
8455,37
8456,17
8457,30
8458,80
8459,30
8460,48
8461,37
8462,9
8463,5
8464,63
8465,65
8466,71
8467,64
8468,31
8469,94
8470,82
8471,35
8472,23
8473,92
8474,7
8475,56
8476,14
8477,76
8478,96
8479,28
8480,83
8481,75
8482,68
8483,52
8484,69
8485,34
8486,16
8487,62
8488,85
8489,68
8490,99
8491,43
8492,40
8493,60
8494,36
8495,71
8496,60
8497,43
8498,32
8499,2
8500,75
8501,64
8502,62
8503,58
8504,34
8505,96
8506,75
8507,54
8508,70
8509,37
8510,28
8511,58
8512,30
8513,4
8514,8
8515,38
8516,95
8517,6
8518,39
8519,75
8520,23
8521,39
8522,56
8523,17
8524,9
8525,6
8526,32
8527,22
8528,20
8529,38
8530,76
8531,94
8532,91
8533,76
8534,49
8535,64
8536,1
8537,0
8538,75
8539,43
8540,97
8541,5
8542,21
8543,47
8544,6
8545,43
8546,7
8547,94
8548,7
8549,34
8550,36
8551,4
8552,53
8553,55
8554,5
8555,52
8556,24
8557,15
8558,40
8559,86
8560,48
8561,54
8562,1
8563,38
8564,61
8565,87
8566,54
8567,24
8568,40
8569,85
8570,17
8571,12
8572,22
8573,86
8574,89
8575,77
8576,39
8577,81
8578,0
8579,39
8580,89
8581,82
8582,18
8583,87
8584,32
8585,76
8586,48
8587,82
8588,81
8589,36
8590,97
8591,2
8592,28
8593,88
8594,7
8595,92
8596,13
8597,7
8598,15
8599,24
8600,76
8601,21
8602,64
8603,28
8604,38
8605,47
8606,47
8607,80
8608,67
8609,34
8610,87
8611,62
8612,30
8613,60
8614,83
8615,11
8616,82
8617,68
8618,45
8619,31
8620,64
8621,62
8622,81
8623,17
8624,25
8625,88
8626,59
8627,21
8628,65
8629,78
8630,20
8631,83
8632,31
8633,37
8634,74
8635,54
8636,16
8637,29
8638,13
8639,39
8640,18
8641,40
8642,93
8643,1
8644,18
8645,31
8646,77
8647,33
8648,17
8649,93
8650,75
8651,42
8652,1
8653,5
8654,60
8655,59
8656,53
8657,33
8658,75
8659,68
8660,30
8661,8
8662,21
8663,75
8664,83
8665,1
8666,41
8667,11
8668,40
8669,78
8670,12
8671,53
8672,19
8673,27
8674,67
8675,14
8676,76
8677,93
8678,12
8679,97
8680,73
8681,31
8682,69
8683,47
8684,61
8685,71
8686,58
8687,14
8688,1
8689,82
8690,51
8691,1
8692,44
8693,57
8694,31
8695,43
8696,23
8697,85
8698,14
8699,53
8700,32
8701,64
8702,42
8703,23
8704,29
8705,61
8706,5
8707,42
8708,99
8709,23
8710,19
8711,21
8712,3
8713,97
8714,27
8715,87
8716,60
8717,31
8718,24
8719,49
8720,28
8721,29
8722,73
8723,16
8724,83
8725,62
8726,62
8727,67
8728,7
8729,85
8730,82
8731,43
8732,90
8733,68
8734,37
8735,32
8736,82
8737,13
8738,89
8739,41
8740,40
8741,76
8742,24
8743,21
8744,49
8745,47
8746,2
8747,11
8748,78
8749,5
8750,19
8751,30
8752,96
8753,20
8754,29
8755,42
8756,69
8757,13
8758,53
8759,92
8760,23
8761,91
8762,98
8763,87
8764,71
8765,53
8766,99
8767,0
8768,66
8769,57
8770,69
8771,95
8772,8
8773,53
8774,42
8775,28
8776,35
8777,95
8778,97
8779,61
8780,81
8781,61
8782,53
8783,66
8784,23
8785,82
8786,36
8787,22
8788,14
8789,52
8790,24
8791,70
8792,8
8793,66
8794,47
8795,61
8796,68
8797,94
8798,76
8799,45
8800,15
8801,6
8802,2
8803,8
8804,84
8805,15
8806,20
8807,71
8808,99
8809,3
8810,60
8811,73
8812,13
8813,79
8814,34
8815,48
8816,4
8817,38
8818,59
8819,18
8820,81
8821,41
8822,69
8823,52
8824,65
8825,93
8826,85
8827,30
8828,92
8829,5
8830,24
8831,33
8832,8
8833,86
8834,88
8835,29
8836,31
8837,94
8838,0
8839,55
8840,24
8841,0
8842,43
8843,78
8844,17
8845,84
8846,95
8847,23
8848,27
8849,71
8850,27
8851,86
8852,64
8853,45
8854,65
8855,70
8856,8
8857,76
8858,5
8859,85
8860,4
8861,57
8862,61
8863,35
8864,45
8865,94
8866,47
8867,82
8868,50
8869,30
8870,21
8871,68
8872,34
8873,33
8874,67
8875,16
8876,49
8877,29
8878,27
8879,45
8880,62
8881,26
8882,2
8883,49
8884,89
8885,96
8886,75
8887,94
8888,29
8889,94
8890,34
8891,44
8892,8
8893,85
8894,24
8895,6
8896,37
8897,32
8898,36
8899,91
8900,82
8901,51
8902,95
8903,53
8904,74
8905,21
8906,89
8907,69
8908,83
8909,20
8910,53
8911,71
8912,31
8913,27
8914,73
8915,75
8916,17
8917,47
8918,97
8919,53
8920,84
8921,4
8922,71
8923,90
8924,92
8925,53
8926,62
8927,86
8928,0
8929,48
8930,94
8931,10
8932,53
8933,60
8934,29
8935,50
8936,76
8937,52
8938,30
8939,57
8940,89
8941,45
8942,15
8943,71
8944,90
8945,52
8946,86
8947,90
8948,35
8949,10
8950,45
8951,52
8952,28
8953,0
8954,80
8955,96
8956,95
8957,1
8958,75
8959,71
8960,88
8961,80
8962,87
8963,18
8964,14
8965,42
8966,0
8967,15
8968,51
8969,38
8970,81
8971,99
8972,21
8973,42
8974,92
8975,42
8976,62
8977,51
8978,23
8979,47
8980,53
8981,48
8982,7
8983,69
8984,51
8985,82
8986,26
8987,93
8988,94
8989,59
8990,75
8991,69
8992,11
8993,90
8994,99
8995,25
8996,89
8997,75
8998,23
8999,29
9000,15
9001,53
9002,64
9003,20
9004,79
9005,33
9006,68
9007,35
9008,9
9009,51
9010,13
9011,35
9012,61
9013,35
9014,89
9015,37
9016,57
9017,48
9018,40
9019,57
9020,73
9021,98
9022,38
9023,40
9024,17
9025,96
9026,11
9027,66
9028,84
9029,30
9030,81
9031,30
9032,2
9033,46
9034,70
9035,12
9036,6
9037,4
9038,41
9039,47
9040,84
9041,54
9042,78
9043,68
9044,57
9045,91
9046,93
9047,41
9048,89
9049,71
9050,18
9051,31
9052,40
9053,82
9054,95
9055,71
9056,20
9057,60
9058,42
9059,94
9060,42
9061,72
9062,14
9063,28
9064,61
9065,94
9066,4
9067,32
9068,84
9069,68
9070,14
9071,62
9072,36
9073,50
9074,85
9075,67
9076,21
9077,60
9078,33
9079,43
9080,5
9081,75
9082,1
9083,83
9084,23
9085,18
9086,18
9087,20
9088,38
9089,20
9090,73
9091,52
9092,66
9093,79
9094,28
9095,75
9096,24
9097,0
9098,56
9099,47
9100,18
9101,52
9102,92
9103,40
9104,84
9105,81
9106,12
9107,9
9108,27
9109,57
9110,43
9111,7
9112,77
9113,38
9114,73
9115,88
9116,24
9117,69
9118,21
9119,22
9120,14
9121,93
9122,61
9123,47
9124,87
9125,43
9126,84
9127,52
9128,94
9129,99
9130,28
9131,81
9132,2
9133,12
9134,36
9135,90
9136,37
9137,36
9138,64
9139,45
9140,37
9141,28
9142,19
9143,78
9144,19
9145,1
9146,70
9147,62
9148,43
9149,16
9150,67
9151,62
9152,44
9153,75
9154,96
9155,26
9156,16
9157,56
9158,0
9159,24
9160,71
9161,87
9162,82
9163,14
9164,23
9165,68
9166,61
9167,32
9168,22
9169,81
9170,21
9171,57
9172,78
9173,86
9174,82
9175,60
9176,38
9177,9
9178,7
9179,77
9180,84
9181,41
9182,63
9183,63
9184,85
9185,91
9186,53
9187,48
9188,99
9189,67
9190,97
9191,25
9192,18
9193,47
9194,48
9195,1
9196,34
9197,55
9198,54
9199,23
9200,83
9201,74
9202,75
9203,18
9204,95
9205,28
9206,65
9207,54
9208,55
9209,82
9210,68
9211,56
9212,97
9213,44
9214,85
9215,30
9216,71
9217,23
9218,8
9219,60
9220,99
9221,0
9222,11
9223,7
9224,35
9225,29
9226,2
9227,81
9228,19
9229,61
9230,76
9231,84
9232,89
9233,30
9234,24
9235,29
9236,81
9237,17
9238,42
9239,29
9240,11
9241,8
9242,37
9243,78
9244,82
9245,84
9246,71
9247,85
9248,21
9249,71
9250,84
9251,76
9252,13
9253,8
9254,90
9255,69
9256,57
9257,75
9258,73
9259,89
9260,32
9261,42
9262,73
9263,29
9264,34
9265,63
9266,38
9267,20
9268,86
9269,82
9270,94
9271,33
9272,51
9273,9
9274,92
9275,21
9276,48
9277,60
9278,11
9279,57
9280,35
9281,96
9282,75
9283,75
9284,91
9285,31
9286,33
9287,17
9288,89
9289,1
9290,15
9291,76
9292,14
9293,23
9294,83
9295,64
9296,29
9297,62
9298,17
9299,36
9300,73
9301,40
9302,56
9303,53
9304,43
9305,51
9306,71
9307,94
9308,38
9309,49
9310,41
9311,52
9312,54
9313,85
9314,43
9315,82
9316,30
9317,76
9318,66
9319,67
9320,52
9321,16
9322,1
9323,84
9324,78
9325,42
9326,41
9327,85
9328,91
9329,8
9330,46
9331,5
9332,8
9333,19
9334,94
9335,67
9336,59
9337,35
9338,46
9339,42
9340,95
9341,31
9342,52
9343,40
9344,32
9345,19
9346,87
9347,9
9348,78
9349,38
9350,43
9351,63
9352,50
9353,36
9354,23
9355,18
9356,6
9357,76
9358,23
9359,80
9360,82
9361,75
9362,15
9363,29
9364,41
9365,86
9366,95
9367,21
9368,3
9369,91
9370,8
9371,0
9372,57
9373,27
9374,86
9375,97
9376,63
9377,58
9378,57
9379,35
9380,17
9381,1
9382,80
9383,76
9384,21
9385,62
9386,41
9387,0
9388,91
9389,96
9390,1
9391,39
9392,69
9393,21
9394,60
9395,15
9396,82
9397,16
9398,55
9399,52
9400,64
9401,97
9402,32
9403,18
9404,23
9405,27
9406,42
9407,60
9408,11
9409,20
9410,38
9411,59
9412,84
9413,99
9414,25
9415,63
9416,52
9417,32
9418,24
9419,75
9420,27
9421,23
9422,30
9423,99
9424,39
9425,37
9426,89
9427,52
9428,11
9429,83
9430,16
9431,82
9432,31
9433,43
9434,30
9435,0
9436,44
9437,21
9438,59
9439,85
9440,54
9441,27
9442,51
9443,92
9444,61
9445,85
9446,63
9447,13
9448,80
9449,47
9450,78
9451,47
9452,20
9453,43
9454,17
9455,4
9456,41
9457,67
9458,85
9459,87
9460,62
9461,93
9462,27
9463,85
9464,97
9465,65
9466,21
9467,87
9468,6
9469,41
9470,70
9471,98
9472,21
9473,12
9474,89
9475,1
9476,85
9477,20
9478,27
9479,4
9480,87
9481,71
9482,1
9483,27
9484,74
9485,70
9486,8
9487,7
9488,21
9489,61
9490,8
9491,13
9492,71
9493,53
9494,42
9495,73
9496,97
9497,78
9498,97
9499,8
9500,85
9501,10
9502,74
9503,6
9504,39
9505,78
9506,87
9507,55
9508,32
9509,41
9510,52
9511,7
9512,90
9513,56
9514,69
9515,71
9516,8
9517,67
9518,42
9519,20
9520,54
9521,67
9522,15
9523,21
9524,1
9525,34
9526,21
9527,40
9528,72
9529,13
9530,12
9531,98
9532,82
9533,33
9534,84
9535,75
9536,13
9537,34
9538,31
9539,38
9540,73
9541,27
9542,81
9543,63
9544,53
9545,23
9546,81
9547,86
9548,38
9549,71
9550,28
9551,21
9552,35
9553,45
9554,79
9555,16
9556,8
9557,18
9558,61
9559,86
9560,72
9561,44
9562,18
9563,62
9564,17
9565,70
9566,57
9567,75
9568,64
9569,22
9570,91
9571,23
9572,81
9573,42
9574,43
9575,34
9576,12
9577,30
9578,24
9579,35
9580,15
9581,38
9582,36
9583,90
9584,68
9585,43
9586,36
9587,5
9588,53
9589,1
9590,88
9591,95
9592,22
9593,20
9594,13
9595,94
9596,58
9597,39
9598,7
9599,68
9600,20
9601,60
9602,72
9603,86
9604,86
9605,87
9606,25
9607,44
9608,21
9609,54
9610,70
9611,71
9612,42
9613,44
9614,75
9615,2
9616,2
9617,58
9618,39
9619,27
9620,27
9621,59
9622,99
9623,99
9624,99
9625,28
9626,85
9627,35
9628,95
9629,26
9630,67
9631,68
9632,5
9633,70
9634,39
9635,40
9636,95
9637,40
9638,30
9639,62
9640,20
9641,23
9642,78
9643,18
9644,99
9645,43
9646,8
9647,60
9648,24
9649,91
9650,42
9651,60
9652,57
9653,69
9654,8
9655,16
9656,57
9657,94
9658,30
9659,1
9660,43
9661,92
9662,81
9663,26
9664,23
9665,74
9666,35
9667,33
9668,95
9669,86
9670,39
9671,86
9672,53
9673,74
9674,53
9675,52
9676,13
9677,5
9678,85
9679,63
9680,54
9681,82
9682,75
9683,91
9684,46
9685,81
9686,18
9687,47
9688,52
9689,45
9690,53
9691,33
9692,4
9693,42
9694,19
9695,81
9696,5
9697,95
9698,53
9699,8
9700,52
9701,4
9702,90
9703,92
9704,48
9705,55
9706,71
9707,72
9708,75
9709,97
9710,35
9711,57
9712,89
9713,31
9714,5
9715,13
9716,9
9717,73
9718,23
9719,36
9720,81
9721,51
9722,30
9723,37
9724,61
9725,0
9726,8
9727,84
9728,42
9729,16
9730,94
9731,98
9732,21
9733,39
9734,94
9735,24
9736,23
9737,1
9738,96
9739,17
9740,48
9741,76
9742,2
9743,84
9744,78
9745,21
9746,41
9747,38
9748,43
9749,27
9750,45
9751,40
9752,72
9753,5
9754,33
9755,9
9756,84
9757,38
9758,67
9759,30
9760,72
9761,56
9762,97
9763,46
9764,52
9765,23
9766,99
9767,8
9768,97
9769,91
9770,85
9771,52
9772,85
9773,12
9774,16
9775,82
9776,44
9777,63
9778,51
9779,99
9780,36
9781,83
9782,73
9783,38
9784,84
9785,96
9786,76
9787,86
9788,86
9789,15
9790,5
9791,28
9792,33
9793,90
9794,62
9795,30
9796,31
9797,13
9798,96
9799,32
9800,84
9801,58
9802,87
9803,21
9804,50
9805,3
9806,28
9807,48
9808,17
9809,33
9810,80
9811,94
9812,24
9813,63
9814,10
9815,13
9816,98
9817,13
9818,66
9819,76
9820,78
9821,47
9822,71
9823,30
9824,60
9825,16
9826,18
9827,72
9828,86
9829,38
9830,21
9831,53
9832,20
9833,48
9834,20
9835,40
9836,15
9837,13
9838,5
9839,84
9840,61
9841,24
9842,7
9843,46
9844,2
9845,78
9846,8
9847,51
9848,91
9849,0
9850,98
9851,31
9852,24
9853,78
9854,60
9855,81
9856,16
9857,9
9858,43
9859,26
9860,99
9861,81
9862,57
9863,62
9864,35
9865,92
9866,76
9867,69
9868,91
9869,89
9870,93
9871,81
9872,57
9873,86
9874,6
9875,75
9876,82
9877,76
9878,49
9879,73
9880,72
9881,75
9882,17
9883,19
9884,14
9885,27
9886,97
9887,54
9888,57
9889,37
9890,93
9891,53
9892,28
9893,74
9894,24
9895,12
9896,95
9897,62
9898,2
9899,30
9900,52
9901,30
9902,39
9903,85
9904,53
9905,23
9906,66
9907,6
9908,62
9909,78
9910,86
9911,24
9912,94
9913,1
9914,72
9915,64
9916,17
9917,58
9918,89
9919,97
9920,82
9921,21
9922,15
9923,96
9924,68
9925,76
9926,31
9927,58
9928,8
9929,79
9930,81
9931,95
9932,78
9933,51
9934,33
9935,28
9936,80
9937,95
9938,19
9939,96
9940,82
9941,99
9942,15
9943,62
9944,50
9945,79
9946,67
9947,74
9948,27
9949,80
9950,52
9951,89
9952,74
9953,27
9954,95
9955,92
9956,43
9957,57
9958,19
9959,73
9960,29
9961,33
9962,14
9963,86
9964,19
9965,63
9966,43
9967,4
9968,10
9969,17
9970,18
9971,91
9972,67
9973,49
9974,41
9975,7
9976,20
9977,18
9978,3
9979,15
9980,93
9981,52
9982,97
9983,38
9984,39
9985,19
9986,91
9987,77
9988,31
9989,7
9990,63
9991,68
9992,62
9993,30
9994,69
9995,83
9996,31
9997,51
9998,80
9999,0
